-- phpMyAdmin SQL Dump
-- version 4.6.4
-- https://www.phpmyadmin.net/
--
-- Servidor: 127.0.0.1
-- Tiempo de generación: 22-12-2017 a las 19:59:11
-- Versión del servidor: 5.7.14
-- Versión de PHP: 5.6.25

SET SQL_MODE = "NO_AUTO_VALUE_ON_ZERO";
SET time_zone = "+00:00";


/*!40101 SET @OLD_CHARACTER_SET_CLIENT=@@CHARACTER_SET_CLIENT */;
/*!40101 SET @OLD_CHARACTER_SET_RESULTS=@@CHARACTER_SET_RESULTS */;
/*!40101 SET @OLD_COLLATION_CONNECTION=@@COLLATION_CONNECTION */;
/*!40101 SET NAMES utf8mb4 */;

--
-- Base de datos: `adquisiciones`
--

-- --------------------------------------------------------

--
-- Estructura de tabla para la tabla `almacen`
--

CREATE TABLE `almacen` (
  `id` int(11) NOT NULL,
  `centroMM` char(4) COLLATE utf8_spanish_ci NOT NULL,
  `idEmpleadoResponsable` int(11) NOT NULL,
  `nombre` varchar(150) COLLATE utf8_spanish_ci NOT NULL,
  `domicilio` varchar(150) COLLATE utf8_spanish_ci NOT NULL,
  `idMunicipio` int(11) NOT NULL,
  `telefono` int(11) NOT NULL,
  `codigoPostal` char(5) COLLATE utf8_spanish_ci NOT NULL
) ENGINE=InnoDB DEFAULT CHARSET=utf8 COLLATE=utf8_spanish_ci;

--
-- Volcado de datos para la tabla `almacen`
--

INSERT INTO `almacen` (`id`, `centroMM`, `idEmpleadoResponsable`, `nombre`, `domicilio`, `idMunicipio`, `telefono`, `codigoPostal`) VALUES
(1, '1234', 1, 'ALMACÉN DIVISIONAL', 'Carretera Hermosillo El Novillo, Km. 3.5', 1805, 2591100, '83300'),
(2, '5678', 2, 'Almacén Obregón', 'CALLE 456 #789', 2344, 2591100, '85000');

-- --------------------------------------------------------

--
-- Estructura de tabla para la tabla `articulo`
--

CREATE TABLE `articulo` (
  `id` int(11) NOT NULL,
  `codigo` varchar(10) COLLATE utf8_spanish_ci NOT NULL,
  `descripcion` varchar(150) COLLATE utf8_spanish_ci NOT NULL,
  `idUnidadMedida` int(11) NOT NULL,
  `descripcionDetallada` varchar(500) COLLATE utf8_spanish_ci NOT NULL,
  `especificacion` varchar(50) COLLATE utf8_spanish_ci NOT NULL,
  `idFamilia` int(11) NOT NULL,
  `precioUnitario` decimal(15,2) NOT NULL,
  `status` char(1) COLLATE utf8_spanish_ci NOT NULL COMMENT 'A=Activo, B=Bloqueado',
  `cantidadEmbalaje` int(15) NOT NULL COMMENT 'Cantidad por embalaje',
  `tiempoEntrega` int(11) NOT NULL COMMENT 'Cantidad de días de entrega'
) ENGINE=InnoDB DEFAULT CHARSET=utf8 COLLATE=utf8_spanish_ci;

--
-- Volcado de datos para la tabla `articulo`
--

INSERT INTO `articulo` (`id`, `codigo`, `descripcion`, `idUnidadMedida`, `descripcionDetallada`, `especificacion`, `idFamilia`, `precioUnitario`, `status`, `cantidadEmbalaje`, `tiempoEntrega`) VALUES
(1, '1111111111', 'buen aceite', 1, 'CABLE DE COBRE THHW-LS 1/0. CABLE DE COBRE SUAVE CALIBRE 1/O AWG, TIPO DE AISLAMIENTO TERMOPLÁSTICO THHW-LS, VOLTAJE MÁXIMO DE OPERACIÓN: 600 V, TEMPERATURA MÁXIMA DE OPERACIÓN: 90°C. EL RESTO DE LAS CARACTERÍSTICAS TÉCNICAS Y DIMENSIONALES DEBEN DE CUMPLIR CON LA ESPECIFICACIÓN CFE-E0000-03 VIGENTE.', 'aceite', 1, '150.00', 'A', 25, 25),
(2, '2222222222', 'aceite', 1, 'aceite aislante', 'aceite', 1, '35.50', 'A', 40, 50),
(3, '3333333333', 'aceite', 1, 'aceite aislante', 'aceite', 1, '90.00', 'A', 50, 50),
(4, '4545454545', 'hola', 1, 'duhfudhfufd', 'dfdfdf', 12, '200.00', 'S', 1, 2),
(5, '4444444444', 'ACEITE 4', 1, 'ACEITE 4', 'ACEITE', 1, '95.80', 'A', 2, 45),
(6, '5555555555', 'ACEITE 5', 1, 'ACEITE', 'ACEITE', 1, '55.50', 'A', 4, 25);

-- --------------------------------------------------------

--
-- Estructura de tabla para la tabla `categoria`
--

CREATE TABLE `categoria` (
  `id` int(11) NOT NULL,
  `nombre` varchar(150) COLLATE utf8_spanish_ci NOT NULL
) ENGINE=InnoDB DEFAULT CHARSET=utf8 COLLATE=utf8_spanish_ci;

--
-- Volcado de datos para la tabla `categoria`
--

INSERT INTO `categoria` (`id`, `nombre`) VALUES
(2, 'CATEGORIA 2'),
(3, 'CATEGORIA 3'),
(4, 'CATEGORIA 1'),
(5, 'CATEGORIA 4'),
(6, 'JEFE DE DEPARTAMENTO'),
(7, 'PROFESIONISTA');

-- --------------------------------------------------------

--
-- Estructura de tabla para la tabla `departamento`
--

CREATE TABLE `departamento` (
  `id` int(11) NOT NULL,
  `nombre` varchar(150) COLLATE utf8_spanish_ci NOT NULL
) ENGINE=InnoDB DEFAULT CHARSET=utf8 COLLATE=utf8_spanish_ci;

--
-- Volcado de datos para la tabla `departamento`
--

INSERT INTO `departamento` (`id`, `nombre`) VALUES
(1, 'Departamento prueba'),
(2, 'Ventas'),
(3, 'Recursos Humanos'),
(4, 'Finanzas'),
(5, 'NORMALIZACION'),
(6, 'Departamento de Programación y Confiabilidad de Bienes'),
(7, 'MANTENIMIENTO DE LINEAS Y REDES');

-- --------------------------------------------------------

--
-- Estructura de tabla para la tabla `empleado`
--

CREATE TABLE `empleado` (
  `id` int(11) NOT NULL,
  `rpe` char(5) COLLATE utf8_spanish_ci NOT NULL,
  `nombre` varchar(100) COLLATE utf8_spanish_ci NOT NULL,
  `apellidoPaterno` varchar(100) COLLATE utf8_spanish_ci NOT NULL,
  `apellidoMaterno` varchar(100) COLLATE utf8_spanish_ci NOT NULL,
  `correoElectronico` varchar(100) COLLATE utf8_spanish_ci NOT NULL,
  `titulo` varchar(3) COLLATE utf8_spanish_ci NOT NULL,
  `idDepartamento` int(11) NOT NULL,
  `idCategoria` int(11) NOT NULL
) ENGINE=InnoDB DEFAULT CHARSET=utf8 COLLATE=utf8_spanish_ci;

--
-- Volcado de datos para la tabla `empleado`
--

INSERT INTO `empleado` (`id`, `rpe`, `nombre`, `apellidoPaterno`, `apellidoMaterno`, `correoElectronico`, `titulo`, `idDepartamento`, `idCategoria`) VALUES
(1, '00001', 'RUBEN ANDRÉS', 'BARRAZA', 'GARCIA', 'ruben.barrazag@gmail.com', 'ING', 1, 3),
(2, '00002', 'JUAN JOSÉ', 'LOPEZ', 'MARTINEZ', 'juanlopez@correo.com', 'BCD', 3, 5),
(3, '00003', 'CARLOS', 'SASDF', 'DFASDF', 'carlos@correo.com', 'SDF', 5, 3),
(4, '00004', 'ANA', 'ASDFAD', 'DSHRHTSD', 'anaasdf@correo.com', 'BCD', 4, 4),
(6, '9EL26', 'CARLOS EMILIO', 'ACOSTA', 'FIGUEROA', 'carlos.acosta02@cfe.gob.mx', 'ING', 6, 6),
(7, '9EL2B', 'JOSE ALBERTO', 'URIAS', 'ESTRELLA', 'jose.urias@cfe.gob.mx', 'ING', 6, 7),
(8, '9AU1D', 'EDUARDO', 'ACOSTA', 'FELIX', 'eduardo.acosta@cfe.gob.mx', 'ING', 7, 6);

-- --------------------------------------------------------

--
-- Estructura de tabla para la tabla `estado`
--

CREATE TABLE `estado` (
  `id` int(11) NOT NULL,
  `nombre` varchar(100) COLLATE utf8_spanish_ci NOT NULL
) ENGINE=InnoDB DEFAULT CHARSET=utf8 COLLATE=utf8_spanish_ci;

--
-- Volcado de datos para la tabla `estado`
--

INSERT INTO `estado` (`id`, `nombre`) VALUES
(0, 'NINGUNO'),
(1, 'Ciudad de México'),
(2, 'Aguascalientes'),
(3, 'Baja California'),
(4, 'Baja California Sur'),
(5, 'Campeche'),
(6, 'Chiapas'),
(7, 'Chihuahua'),
(8, 'Coahuila de Zaragoza'),
(9, 'Colima'),
(10, 'Durango'),
(11, 'Guanajuato'),
(12, 'Guerrero'),
(13, 'Hidalgo'),
(14, 'Jalisco'),
(15, 'Estado de México'),
(16, 'Michoacán de Ocampo'),
(17, 'Morelos'),
(18, 'Nayarit'),
(19, 'Nuevo León'),
(20, 'Oaxaca'),
(21, 'Puebla'),
(22, 'Querétaro'),
(23, 'Quintana Roo'),
(24, 'San Luis Potosí'),
(25, 'Sinaloa'),
(26, 'Sonora'),
(27, 'Tabasco'),
(28, 'Tamaulipas'),
(29, 'Tlaxcala'),
(30, 'Veracruz de Ignacio de la Llave'),
(31, 'Yucatán'),
(32, 'Zacatecas');

-- --------------------------------------------------------

--
-- Estructura de tabla para la tabla `familia`
--

CREATE TABLE `familia` (
  `id` int(11) NOT NULL,
  `clave` varchar(20) COLLATE utf8_spanish_ci NOT NULL,
  `descripcion` varchar(250) COLLATE utf8_spanish_ci NOT NULL
) ENGINE=InnoDB DEFAULT CHARSET=utf8 COLLATE=utf8_spanish_ci;

--
-- Volcado de datos para la tabla `familia`
--

INSERT INTO `familia` (`id`, `clave`, `descripcion`) VALUES
(0, 'NINGUNO', 'NINGUNO'),
(1, 'ACEITE', 'ACEITE AISLANTE'),
(2, 'AISLADORES', 'AISLADORES'),
(3, 'APARTARRAYOS', 'APARTARRAYOS'),
(4, 'CABLES', 'CABLES'),
(5, 'CAPACITORES', 'CAPACITORES'),
(6, 'CCF', 'CORTACIRCUITOS FUSIBLE'),
(7, 'COMM', 'COMUNICACIONES'),
(8, 'CONECT', 'CONECTADORES'),
(9, 'CUCH', 'CUCHILLAS'),
(10, 'EQ MED PRU', 'EQUIPO MEDICION Y PRUEBAS'),
(11, 'HERR', 'HERRAJES'),
(12, 'FLEJE', 'FLEJE'),
(13, 'INF', 'INFORMATICA'),
(14, 'FUS', 'FUSIBLES'),
(15, 'PCR', 'POSTES DE CONCRETO'),
(16, 'PMP', 'POSTES DE MADERA'),
(17, 'REGUL', 'REGULADORES DE VOLTAJE'),
(18, 'RELEV', 'RELEVADORES'),
(19, 'REMATES', 'REMATES'),
(20, 'REST', 'RESTAURADORES'),
(21, 'SECC', 'SECCIONADORES'),
(22, 'SUBT', 'ACCESORIOS SUBTERRANEOS'),
(23, 'T.C.', 'TRANSFORMADORES DE CORRIENTE'),
(24, 'TR DIST', 'TRANSFORMADORES DE DISTRIBUCION'),
(25, 'T.P.', 'TRANSFORMADORES DE POTENCIAL'),
(26, 'CINTA', 'CINTA AISLANTE'),
(27, 'JGO CONEX', 'JUEGO DE CONEXION'),
(28, 'ANTIFAUNA', 'ANTIFAUNA'),
(30, 'BCO BAT', 'BANCO DE BATERÍAS'),
(31, 'INTERRUPTORES', 'INTERRUPTORES'),
(32, 'TR POT', 'TRANSFORMADORES DE POTENCIA');

-- --------------------------------------------------------

--
-- Estructura de tabla para la tabla `formularioconsideracion`
--

CREATE TABLE `formularioconsideracion` (
  `id` int(11) NOT NULL,
  `fc1` varchar(255) COLLATE utf8_spanish_ci NOT NULL,
  `fc2` varchar(255) COLLATE utf8_spanish_ci NOT NULL,
  `fc3` varchar(255) COLLATE utf8_spanish_ci NOT NULL,
  `fc4` varchar(255) COLLATE utf8_spanish_ci NOT NULL,
  `fc5` varchar(255) COLLATE utf8_spanish_ci NOT NULL,
  `fc6` varchar(255) COLLATE utf8_spanish_ci NOT NULL,
  `fc7` varchar(255) COLLATE utf8_spanish_ci NOT NULL,
  `fc8` varchar(255) COLLATE utf8_spanish_ci NOT NULL,
  `fc9` varchar(255) COLLATE utf8_spanish_ci NOT NULL,
  `fc10` varchar(255) COLLATE utf8_spanish_ci NOT NULL,
  `fc11` varchar(255) COLLATE utf8_spanish_ci NOT NULL,
  `fc12` varchar(255) COLLATE utf8_spanish_ci NOT NULL,
  `fc13` varchar(255) COLLATE utf8_spanish_ci NOT NULL,
  `fc14` varchar(255) COLLATE utf8_spanish_ci NOT NULL,
  `fc15` varchar(255) COLLATE utf8_spanish_ci NOT NULL,
  `fc16` varchar(255) COLLATE utf8_spanish_ci NOT NULL,
  `fc17` varchar(255) COLLATE utf8_spanish_ci NOT NULL,
  `fc18` varchar(255) COLLATE utf8_spanish_ci NOT NULL
) ENGINE=InnoDB DEFAULT CHARSET=utf8 COLLATE=utf8_spanish_ci;

-- --------------------------------------------------------

--
-- Estructura de tabla para la tabla `im_concepto`
--

CREATE TABLE `im_concepto` (
  `id` int(11) NOT NULL,
  `idImg` int(11) NOT NULL,
  `idPog` int(11) NOT NULL,
  `tipo` char(1) COLLATE utf8_spanish_ci NOT NULL COMMENT 'B = Bienes, S = Servicios',
  `idArticulo` int(11) NOT NULL,
  `idProveedor` int(11) NOT NULL,
  `partida` int(11) NOT NULL,
  `plazoEntrega` int(11) NOT NULL,
  `cantidad` int(11) NOT NULL,
  `cantidadPO` int(11) NOT NULL,
  `cantidadIM` varchar(11) COLLATE utf8_spanish_ci NOT NULL DEFAULT 'N/C',
  `preciounitarioIM` decimal(15,2) NOT NULL,
  `importeIM` decimal(15,2) NOT NULL,
  `lugarEntrega` varchar(255) COLLATE utf8_spanish_ci NOT NULL,
  `direccionEntrega` varchar(255) COLLATE utf8_spanish_ci NOT NULL,
  `idAlmacen` int(11) NOT NULL
) ENGINE=InnoDB DEFAULT CHARSET=utf8 COLLATE=utf8_spanish_ci;

--
-- Volcado de datos para la tabla `im_concepto`
--

INSERT INTO `im_concepto` (`id`, `idImg`, `idPog`, `tipo`, `idArticulo`, `idProveedor`, `partida`, `plazoEntrega`, `cantidad`, `cantidadPO`, `cantidadIM`, `preciounitarioIM`, `importeIM`, `lugarEntrega`, `direccionEntrega`, `idAlmacen`) VALUES
(1, 1, 1, 'B', 3, 16, 1, 50, 3, 0, '0', '0.00', '0.00', 'ALMACÉN DIVISIONAL', 'Carretera Hermosillo El Novillo, Km. 3.5', 1),
(2, 1, 1, 'B', 3, 6666, 1, 0, 3, 0, '0', '0.00', '0.00', '0', '0', 0),
(3, 1, 1, 'B', 3, 7777, 1, 0, 3, 0, '0', '0.00', '0.00', '0', '0', 0),
(4, 1, 1, 'B', 3, 8888, 1, 0, 3, 0, '0', '0.00', '0.00', '0', '0', 0),
(5, 1, 1, 'B', 3, 9999, 1, 0, 3, 0, '0', '0.00', '0.00', '0', '0', 0),
(6, 3, 3, 'B', 3, 16, 1, 50, 4, 0, '0', '0.00', '0.00', 'ALMACÉN DIVISIONAL', 'Carretera Hermosillo El Novillo, Km. 3.5', 1),
(7, 3, 3, 'B', 2, 16, 2, 50, 4, 0, '0', '0.00', '0.00', 'ALMACÉN DIVISIONAL', 'Carretera Hermosillo El Novillo, Km. 3.5', 1),
(8, 3, 3, 'B', 3, 18, 1, 50, 4, 0, '0', '0.00', '0.00', 'ALMACÉN DIVISIONAL', 'Carretera Hermosillo El Novillo, Km. 3.5', 1),
(9, 3, 3, 'B', 2, 18, 2, 50, 4, 0, '0', '0.00', '0.00', 'ALMACÉN DIVISIONAL', 'Carretera Hermosillo El Novillo, Km. 3.5', 1),
(10, 3, 3, 'B', 3, 6666, 1, 0, 4, 0, '0', '0.00', '0.00', '0', '0', 0),
(11, 3, 3, 'B', 2, 6666, 2, 0, 4, 0, '0', '0.00', '0.00', '0', '0', 0),
(12, 3, 3, 'B', 3, 7777, 1, 0, 4, 0, '0', '0.00', '0.00', '0', '0', 0),
(13, 3, 3, 'B', 2, 7777, 2, 0, 4, 0, '0', '0.00', '0.00', '0', '0', 0),
(14, 3, 3, 'B', 3, 8888, 1, 0, 4, 0, '0', '0.00', '0.00', '0', '0', 0),
(15, 3, 3, 'B', 2, 8888, 2, 0, 4, 0, '0', '0.00', '0.00', '0', '0', 0),
(16, 3, 3, 'B', 3, 9999, 1, 0, 4, 0, '0', '0.00', '0.00', '0', '0', 0),
(17, 3, 3, 'B', 2, 9999, 2, 0, 4, 0, '0', '0.00', '0.00', '0', '0', 0);

-- --------------------------------------------------------

--
-- Estructura de tabla para la tabla `im_general`
--

CREATE TABLE `im_general` (
  `id` int(11) NOT NULL,
  `idPog` int(11) NOT NULL,
  `titulo` varchar(255) COLLATE utf8_spanish_ci NOT NULL,
  `idEmpleadoFormula` int(11) NOT NULL,
  `idEmpleadoAutoriza` int(11) NOT NULL,
  `fechaElaboracion` date NOT NULL,
  `idMunicipioElaboracion` int(11) NOT NULL,
  `estatus` char(1) COLLATE utf8_spanish_ci NOT NULL,
  `SOLPED` int(12) NOT NULL
) ENGINE=InnoDB DEFAULT CHARSET=utf8 COLLATE=utf8_spanish_ci;

--
-- Volcado de datos para la tabla `im_general`
--

INSERT INTO `im_general` (`id`, `idPog`, `titulo`, `idEmpleadoFormula`, `idEmpleadoAutoriza`, `fechaElaboracion`, `idMunicipioElaboracion`, `estatus`, `SOLPED`) VALUES
(1, 1, 'ADQUISICIÓN DE ACEITE AISLANTE', 2, 1, '2017-12-20', 1805, '0', 0),
(2, 2, 'Servicio de mantenimiento', 2, 1, '2017-12-22', 1805, '0', 0),
(3, 3, 'ADQUISICIÓN DE ACEITE AISLANTE', 2, 1, '2017-12-22', 1805, '0', 0);

-- --------------------------------------------------------

--
-- Estructura de tabla para la tabla `municipio`
--

CREATE TABLE `municipio` (
  `id` int(11) NOT NULL,
  `idEstado` int(11) NOT NULL,
  `nombre` varchar(100) COLLATE utf8_spanish_ci NOT NULL
) ENGINE=InnoDB DEFAULT CHARSET=utf8 COLLATE=utf8_spanish_ci;

--
-- Volcado de datos para la tabla `municipio`
--

INSERT INTO `municipio` (`id`, `idEstado`, `nombre`) VALUES
(0, 0, 'NINGUNO'),
(1, 1, 'Álvaro Obregón'),
(2, 1, 'Azcapotzalco'),
(3, 1, 'Benito Juárez'),
(4, 1, 'Coyoacán'),
(5, 1, 'Cuajimalpa'),
(6, 1, 'Cuauhtémoc'),
(7, 1, 'Gustavo A. Madero'),
(8, 1, 'Iztacalco'),
(9, 1, 'Iztapalapa'),
(10, 1, 'La Magdalena Contreras'),
(11, 1, 'Miguel Hidalgo'),
(12, 1, 'Milpa Alta'),
(13, 1, 'Tláhuac'),
(14, 1, 'Tlalpan'),
(15, 1, 'Venustiano Carranza'),
(16, 1, 'Xochimilco'),
(17, 2, 'Aguascalientes'),
(18, 2, 'Jesús María'),
(19, 2, 'Calvillo'),
(20, 2, 'Rincón de Romos'),
(21, 2, 'Real de Asientos'),
(22, 2, 'Pabellón de Arteaga'),
(23, 2, 'San Francisco de los Romo'),
(24, 2, 'Tepezalá'),
(25, 2, 'El Llano'),
(26, 2, 'Cosío'),
(27, 2, 'San Jose de Gracia'),
(28, 3, 'Ensenada'),
(29, 3, 'Mexicali'),
(30, 3, 'Tecate'),
(31, 3, 'Tijuana'),
(32, 3, 'Playas de Rosarito'),
(33, 4, 'La Paz'),
(34, 4, 'Los Cabos'),
(35, 4, 'Loreto'),
(36, 4, 'Mulegé'),
(37, 4, 'Comondú'),
(38, 5, 'Calkiní'),
(39, 5, 'Campeche'),
(40, 5, 'Carmen'),
(41, 5, 'Champotón'),
(42, 5, 'Hecelchakán'),
(43, 5, 'Hopelchén'),
(44, 5, 'Palizada'),
(45, 5, 'Tenabo'),
(46, 5, 'Escárcega'),
(47, 5, 'Calakmul'),
(48, 5, 'Candelaria'),
(49, 6, 'Tuxtla Gutiérrez'),
(50, 6, 'Tapachula'),
(51, 6, 'San Cristóbal de las Casas'),
(52, 6, 'Ocosingo'),
(53, 6, 'Tonalá'),
(54, 6, 'Palenque'),
(55, 6, 'Comitán de Domínguez'),
(56, 6, 'Arriga'),
(57, 6, 'Chiapa de Corzo'),
(58, 6, 'Miraflores'),
(59, 6, 'Mazatán'),
(60, 7, 'Ahumada'),
(61, 7, 'Aldama'),
(62, 7, 'Allende'),
(63, 7, 'Aquiles Serdán'),
(64, 7, 'Ascensión'),
(65, 7, 'Bachíniva'),
(66, 7, 'Balleza'),
(67, 7, 'Batopilas'),
(68, 7, 'Bocoyna'),
(69, 7, 'Buenaventura'),
(70, 7, 'Camargo'),
(71, 7, 'Carichí'),
(72, 7, 'Casas Grandes'),
(73, 7, 'Coronado'),
(74, 7, 'Coyame del Sotol'),
(75, 7, 'La Cruz'),
(76, 7, 'Cuauhtémoc'),
(77, 7, 'Cusihuiriachi'),
(78, 7, 'Chihuahua'),
(79, 7, 'Chínipas'),
(80, 7, 'Delicias'),
(81, 7, 'Dr. Belisario Domínguez'),
(82, 7, 'Galeana'),
(83, 7, 'Santa Isabel'),
(84, 7, 'Gómez Farías'),
(85, 7, 'Gran Morelos'),
(86, 7, 'Guachochi'),
(87, 7, 'Guadalupe'),
(88, 7, 'Guadalupe y Calvo'),
(89, 7, 'Guazapares'),
(90, 7, 'Guerrero'),
(91, 7, 'Hidalgo del Parral'),
(92, 7, 'Huejotitán'),
(93, 7, 'Ignacio Zaragoza'),
(94, 7, 'Janos'),
(95, 7, 'Jiménez'),
(96, 7, 'Juárez'),
(97, 7, 'Julimes'),
(98, 7, 'López'),
(99, 7, 'Madera'),
(100, 7, 'Maguarichi'),
(101, 7, 'Manuel Benavides'),
(102, 7, 'Matachí'),
(103, 7, 'Matamoros'),
(104, 7, 'Meoqui'),
(105, 7, 'Morelos'),
(106, 7, 'Moris'),
(107, 7, 'Namiquipa'),
(108, 7, 'Nonoava'),
(109, 7, 'Nuevo Casas Grandes'),
(110, 7, 'Ocampo'),
(111, 7, 'Ojinaga'),
(112, 7, 'Práxedis G. Guerrero'),
(113, 7, 'Riva Palacio'),
(114, 7, 'Rosales'),
(115, 7, 'Rosario'),
(116, 7, 'San Francisco de Borja'),
(117, 7, 'San Francisco de Conchos'),
(118, 7, 'San Francisco del Oro'),
(119, 7, 'Santa Bárbara'),
(120, 7, 'Satevó'),
(121, 7, 'Saucillo'),
(122, 7, 'Temósachi'),
(123, 7, 'El Tule'),
(124, 7, 'Urique'),
(125, 7, 'Uruachi'),
(126, 7, 'Valle de Zaragoza'),
(127, 8, 'Abasolo'),
(128, 8, 'Acuña'),
(129, 8, 'Allende'),
(130, 8, 'Arteaga'),
(131, 8, 'Candela'),
(132, 8, 'Castaños'),
(133, 8, 'Cuatrociénegas'),
(134, 8, 'Escobedo'),
(135, 8, 'Francisco I. Madero'),
(136, 8, 'Frontera'),
(137, 8, 'General Cepeda'),
(138, 8, 'Guerrero'),
(139, 8, 'Hidalgo'),
(140, 8, 'Jiménez'),
(141, 8, 'Juárez'),
(142, 8, 'Lamadrid'),
(143, 8, 'Matamoros'),
(144, 8, 'Monclova'),
(145, 8, 'Morelos'),
(146, 8, 'Múzquiz'),
(147, 8, 'Nadadores'),
(148, 8, 'Nava'),
(149, 8, 'Ocampo'),
(150, 8, 'Parras'),
(151, 8, 'Piedras Negras'),
(152, 8, 'Progreso'),
(153, 8, 'Ramos Arizpe'),
(154, 8, 'Sabinas'),
(155, 8, 'Sacramento'),
(156, 8, 'Saltillo'),
(157, 8, 'San Buenaventura'),
(158, 8, 'San Juan de Sabinas'),
(159, 8, 'San Pedro de las Colonias'),
(160, 8, 'Sierra Mojada'),
(161, 8, 'Torreón'),
(162, 8, 'Viesca'),
(163, 8, 'Villa Unión'),
(164, 8, 'Zaragoza'),
(165, 9, 'Armería'),
(166, 9, 'Colima'),
(167, 9, 'Comala'),
(168, 9, 'Coquimatlán'),
(169, 9, 'Cuauhtémoc'),
(170, 9, 'Ixtlahuacán'),
(171, 9, 'Manzanillo'),
(172, 9, 'Minatitlán'),
(173, 9, 'Tecomán'),
(174, 9, 'Villa de Álvarez'),
(175, 10, 'Canatlán'),
(176, 10, 'Canelas'),
(177, 10, 'Coneto de Comonfort'),
(178, 10, 'Cuencamé'),
(179, 10, 'Durango'),
(180, 10, 'General Simón Bolívar'),
(181, 10, 'Gómez Palacio'),
(182, 10, 'Guadalupe Victoria'),
(183, 10, 'Guanaceví'),
(184, 10, 'Hidalgo'),
(185, 10, 'Indé'),
(186, 10, 'Lerdo'),
(187, 10, 'Mapimí'),
(188, 10, 'Mezquital'),
(189, 10, 'Nazas'),
(190, 10, 'Nombre de Dios'),
(191, 10, 'Ocampo'),
(192, 10, 'El Oro'),
(193, 10, 'Otáez'),
(194, 10, 'Pánuco de Coronado'),
(195, 10, 'Peñón Blanco'),
(196, 10, 'Poanas'),
(197, 10, 'Pueblo Nuevo'),
(198, 10, 'Rodeo'),
(199, 10, 'San Bernardo'),
(200, 10, 'San Dimas'),
(201, 10, 'San Juan de Guadalupe'),
(202, 10, 'San Juan del Río'),
(203, 10, 'San Luis del Cordero'),
(204, 10, 'San Pedro del Gallo'),
(205, 10, 'Santa Clara'),
(206, 10, 'Santiago Papasquiaro'),
(207, 10, 'Súchil'),
(208, 10, 'Tamazula'),
(209, 10, 'Tepehuanes'),
(210, 10, 'Tlahualilo'),
(211, 10, 'Topia'),
(212, 10, 'Vicente Guerrero'),
(213, 10, 'Nuevo Ideal'),
(214, 11, 'Abasolo'),
(215, 11, 'Acámbaro'),
(216, 11, 'San Miguel de Allende'),
(217, 11, 'Apaseo el Alto'),
(218, 11, 'Apaseo el Grande'),
(219, 11, 'Atarjea'),
(220, 11, 'Celaya'),
(221, 11, 'Manuel Doblado'),
(222, 11, 'Comonfort'),
(223, 11, 'Coroneo'),
(224, 11, 'Cortazar'),
(225, 11, 'Cuerámaro'),
(226, 11, 'Doctor Mora'),
(227, 11, 'Dolores Hidalgo Cuna de la Independencia Nacional'),
(228, 11, 'Guanajuato'),
(229, 11, 'Huanímaro'),
(230, 11, 'Irapuato'),
(231, 11, 'Jaral del Progreso'),
(232, 11, 'Jerécuaro'),
(233, 11, 'León'),
(234, 11, 'Moroleón'),
(235, 11, 'Ocampo'),
(236, 11, 'Pénjamo'),
(237, 11, 'Pueblo Nuevo'),
(238, 11, 'Purísima del Rincón'),
(239, 11, 'Romita'),
(240, 11, 'Salamanca'),
(241, 11, 'Salvatierra'),
(242, 11, 'San Diego de la Unión'),
(243, 11, 'San Felipe'),
(244, 11, 'San Francisco del Rincón'),
(245, 11, 'San José Iturbide'),
(246, 11, 'San Luis de la Paz'),
(247, 11, 'Santa Catarina'),
(248, 11, 'Santa Cruz de Juventino Rosas'),
(249, 11, 'Santiago Maravatío'),
(250, 11, 'Silao de la Victoria'),
(251, 11, 'Tarandacuao'),
(252, 11, 'Tarimoro'),
(253, 11, 'Tierra Blanca'),
(254, 11, 'Uriangato'),
(255, 11, 'Valle de Santiago'),
(256, 11, 'Victoria'),
(257, 11, 'Villagrán'),
(258, 11, 'Xichú'),
(259, 11, 'Yuriria'),
(260, 12, 'Acapulco de Juárez'),
(261, 12, 'Ahuacuotzingo'),
(262, 12, 'Ajuchitlán del Progreso'),
(263, 12, 'Alcozauca de Guerrero'),
(264, 12, 'Alpoyeca'),
(265, 12, 'Apaxtla'),
(266, 12, 'Arcelia'),
(267, 12, 'Atenango del Río'),
(268, 12, 'Atlamajalcingo del Monte'),
(269, 12, 'Atlixtac'),
(270, 12, 'Atoyac de Álvarez'),
(271, 12, 'Ayutla de los Libres'),
(272, 12, 'Azoyú'),
(273, 12, 'Benito Juárez'),
(274, 12, 'Buenavista de Cuéllar'),
(275, 12, 'Coahuayutla de José María Izazaga'),
(276, 12, 'Cocula'),
(277, 12, 'Copala'),
(278, 12, 'Copalillo'),
(279, 12, 'Copantoyac'),
(280, 12, 'Coyuca de Benítez'),
(281, 12, 'Coyuca de Catalán'),
(282, 12, 'Cuajinicuilapa'),
(283, 12, 'Cualác'),
(284, 12, 'Cuautepec'),
(285, 12, 'Cuetzala del Progreso'),
(286, 12, 'Cutzamala de Pinzón'),
(287, 12, 'Chilapa de Álvarez'),
(288, 12, 'Chilpancingo de los Bravo'),
(289, 12, 'Florencio Villarreal'),
(290, 12, 'General Canuto A. Neri'),
(291, 12, 'General Heliodoro Castillo'),
(292, 12, 'Huamuxtitlán'),
(293, 12, 'Huitzuco de los Figueroa'),
(294, 12, 'Iguala de la Independencia'),
(295, 12, 'Igualapa'),
(296, 12, 'Ixcateopan de Cuauhtémoc'),
(297, 12, 'Zihuatanejo de Azueta'),
(298, 12, 'Juan R. Escudero'),
(299, 12, 'Leonardo Bravo'),
(300, 12, 'Malinaltepec'),
(301, 12, 'Mártir de Cuilapan'),
(302, 12, 'Metlatónoc'),
(303, 12, 'Mochitlán'),
(304, 12, 'Olinalá'),
(305, 12, 'Ometepec'),
(306, 12, 'Pedro Ascencio Alquisiras'),
(307, 12, 'Petatlán'),
(308, 12, 'Pilcaya'),
(309, 12, 'Pungarabato'),
(310, 12, 'Quechultenango'),
(311, 12, 'San Luis Acatlán'),
(312, 12, 'San Marcos'),
(313, 12, 'San Miguel Totolapan'),
(314, 12, 'Taxco de Alarcón'),
(315, 12, 'Tecoanapa'),
(316, 12, 'Técpan de Galeana'),
(317, 12, 'Teloloapan'),
(318, 12, 'Tepecoacuilco de Trujano'),
(319, 12, 'Tetipac'),
(320, 12, 'Tixtla de Guerrero'),
(321, 12, 'Tlacoachistlahuaca'),
(322, 12, 'Tlacoapa'),
(323, 12, 'Tlalchapa'),
(324, 12, 'Tlalixtaquilla de Maldonado'),
(325, 12, 'Tlapa de Comonfort'),
(326, 12, 'Tlapehuala'),
(327, 12, 'La Unión de Isidoro Montes de Oca'),
(328, 12, 'Xalpatláhuac'),
(329, 12, 'Xochihuehuetlán'),
(330, 12, 'Xochistlahuaca'),
(331, 12, 'Zapotitlán Tablas'),
(332, 12, 'Zirándaro de los Chávez'),
(333, 12, 'Zitlala'),
(334, 12, 'Eduardo Neri'),
(335, 12, 'Acatepec'),
(336, 12, 'Marquelia'),
(337, 12, 'Cochoapa el Grande'),
(338, 12, 'José Joaquín de Herrera'),
(339, 12, 'Juchitán'),
(340, 12, 'Iliatenco'),
(341, 13, 'Acatlán'),
(342, 13, 'Acaxochitlán'),
(343, 13, 'Actopan'),
(344, 13, 'Agua Blanca de Iturbide'),
(345, 13, 'Ajacuba'),
(346, 13, 'Alfajayucan'),
(347, 13, 'Almoloya'),
(348, 13, 'Apan'),
(349, 13, 'El Arenal'),
(350, 13, 'Atitalaquia'),
(351, 13, 'Atlapexco'),
(352, 13, 'Atotonilco el Grande'),
(353, 13, 'Atotonilco de Tula'),
(354, 13, 'Calnali'),
(355, 13, 'Cardonal'),
(356, 13, 'Cuautepec de Hinojosa'),
(357, 13, 'Chapantongo'),
(358, 13, 'Chapulhuacán'),
(359, 13, 'Chilcuautla'),
(360, 13, 'Eloxochitlán'),
(361, 13, 'Emiliano Zapata'),
(362, 13, 'Epazoyucan'),
(363, 13, 'Franciso I. Madero'),
(364, 13, 'Huasca de Ocampo'),
(365, 13, 'Huautla'),
(366, 13, 'Huazalingo'),
(367, 13, 'Huehuetla'),
(368, 13, 'Huejutla de Reyes'),
(369, 13, 'Huichapan'),
(370, 13, 'Ixmiquilpan'),
(371, 13, 'Jacala de Ledezma'),
(372, 13, 'Jaltocán'),
(373, 13, 'Juárez Hidalgo'),
(374, 13, 'Lolotla'),
(375, 13, 'Metepec'),
(376, 13, 'San Agustín Metzquititlán'),
(377, 13, 'Metztitlán'),
(378, 13, 'Mineral del Chico'),
(379, 13, 'Mineral del Monte'),
(380, 13, 'La Misión'),
(381, 13, 'Mixquiahuala de Juárez'),
(382, 13, 'Molango de Escamilla'),
(383, 13, 'Nicolás Flores'),
(384, 13, 'Nopala de Villagrán'),
(385, 13, 'Omitlán de Juárez'),
(386, 13, 'San Felipe Orizatlán'),
(387, 13, 'Pacula'),
(388, 13, 'Pachuca de Soto'),
(389, 13, 'Pisaflores'),
(390, 13, 'Progreso de Obregón'),
(391, 13, 'Mineral de la Reforma'),
(392, 13, 'San Agustín Tlaxiaca'),
(393, 13, 'San Bartolo Tutotepec'),
(394, 13, 'San Salvador'),
(395, 13, 'Santiago de Anaya'),
(396, 13, 'Santiago Tulantepec de Lugo Guerrero'),
(397, 13, 'Singuilucan'),
(398, 13, 'Tasquillo'),
(399, 13, 'Tecozautla'),
(400, 13, 'Tenango de Doria'),
(401, 13, 'Tepeapulco'),
(402, 13, 'Tepehuacán de Guerrero'),
(403, 13, 'Tepeji del Río de Ocampo'),
(404, 13, 'Tepetitlán'),
(405, 13, 'Tetepango'),
(406, 13, 'Villa de Tezontepec'),
(407, 13, 'Tezontepec de Aldama'),
(408, 13, 'Tianguistengo'),
(409, 13, 'Tizayuca'),
(410, 13, 'Tlahuelilpan'),
(411, 13, 'Tlahuiltepa'),
(412, 13, 'Tlanalapa'),
(413, 13, 'Tlanchinol'),
(414, 13, 'Tlaxcoapan'),
(415, 13, 'Tolcayuca'),
(416, 13, 'Tula de Allende'),
(417, 13, 'Tulancingo de Bravo'),
(418, 13, 'Xochiatipan'),
(419, 13, 'Xochicoatlán'),
(420, 13, 'Yahualica'),
(421, 13, 'Zacualtipán'),
(422, 13, 'Zapotlán de Juárez'),
(423, 13, 'Zempoala'),
(424, 13, 'Zimapán'),
(425, 14, 'Acatic'),
(426, 14, 'Acatlán de Juárez'),
(427, 14, 'Ahualulco de Mercado'),
(428, 14, 'Amacueca'),
(429, 14, 'Amatitán'),
(430, 14, 'Ameca'),
(431, 14, 'San Juanito de Escobedo'),
(432, 14, 'Arandas'),
(433, 14, 'El Arenal'),
(434, 14, 'Atemajac de Brizuela'),
(435, 14, 'Atengo'),
(436, 14, 'Atenguillo'),
(437, 14, 'Atotonilco el Alto'),
(438, 14, 'Atoyac'),
(439, 14, 'Autlán de Navarro'),
(440, 14, 'Ayotlán'),
(441, 14, 'Ayutla'),
(442, 14, 'La Barca'),
(443, 14, 'Bolaños'),
(444, 14, 'Cabo Corrientes'),
(445, 14, 'Casimiro Castillo'),
(446, 14, 'Cihuatlán'),
(447, 14, 'Zapotlán el Grande'),
(448, 14, 'Cocula'),
(449, 14, 'Colotlán'),
(450, 14, 'Concepción de Buenos Aires'),
(451, 14, 'Cuautitlán de García Barragán'),
(452, 14, 'Cuautla'),
(453, 14, 'Cuquío'),
(454, 14, 'Chapala'),
(455, 14, 'Chimaltitán'),
(456, 14, 'Chiquilistlán'),
(457, 14, 'Degollado'),
(458, 14, 'Ejutla (Jalisco)'),
(459, 14, 'Encarnación de Díaz'),
(460, 14, 'Etzatlán'),
(461, 14, 'El Grullo'),
(462, 14, 'Guachinango'),
(463, 14, 'Guadalajara'),
(464, 14, 'Hostotipaquillo'),
(465, 14, 'Huejúcar'),
(466, 14, 'Huejuquilla el Alto'),
(467, 14, 'La Huerta'),
(468, 14, 'Ixtlahuacán de los Membrillos'),
(469, 14, 'Ixtlahuacán del Río'),
(470, 14, 'Jalostotitlán'),
(471, 14, 'Jamay'),
(472, 14, 'Jesús María'),
(473, 14, 'Jilotlán de los Dolores'),
(474, 14, 'Jocotepec'),
(475, 14, 'Juanacatlán'),
(476, 14, 'Juchitlán'),
(477, 14, 'Lagos de Moreno'),
(478, 14, 'El Limón'),
(479, 14, 'Magdalena'),
(480, 14, 'Santa María del Oro'),
(481, 14, 'La Manzanilla de la Paz'),
(482, 14, 'Mascota'),
(483, 14, 'Mazamitla'),
(484, 14, 'Mexticacán'),
(485, 14, 'Mezquitic'),
(486, 14, 'Mixtlán'),
(487, 14, 'San Ignacio Cerro Gordo'),
(488, 14, 'Ocotlán'),
(489, 14, 'Ojuelos de Jalisco'),
(490, 14, 'Pihuamo'),
(491, 14, 'Poncitlán'),
(492, 14, 'Puerto Vallarta'),
(493, 14, 'Villa Purificación'),
(494, 14, 'Quitupan'),
(495, 14, 'El Salto'),
(496, 14, 'San Cristóbal de la Barranca'),
(497, 14, 'San Diego de Alejandría'),
(498, 14, 'San Juan de los Lagos'),
(499, 14, 'San Julián'),
(500, 14, 'San Marcos'),
(501, 14, 'San Martín de Bolaños'),
(502, 14, 'San Martín de Hidalgo'),
(503, 14, 'San Miguel el Alto'),
(504, 14, 'Gómez Farías'),
(505, 14, 'San Sebastián del Oeste'),
(506, 14, 'Santa María de los Ángeles'),
(507, 14, 'Sayula'),
(508, 14, 'Tala'),
(509, 14, 'Talpa de Allende'),
(510, 14, 'Tamazula de Gordiano'),
(511, 14, 'Tapalpa'),
(512, 14, 'Tecalitlán'),
(513, 14, 'Tecolotlán'),
(514, 14, 'Techaluta de Montenegro'),
(515, 14, 'Tenamaxtlán'),
(516, 14, 'Teocaltiche'),
(517, 14, 'Teocuitatlán de Corona'),
(518, 14, 'Tepatitlán de Morelos'),
(519, 14, 'Tequila'),
(520, 14, 'Teuchitlán'),
(521, 14, 'Tizapán el Alto'),
(522, 14, 'Tlajomulco de Zúñiga'),
(523, 14, 'Tlaquepaque'),
(524, 14, 'Tolimán'),
(525, 14, 'Tomatlán'),
(526, 14, 'Tonalá'),
(527, 14, 'Tonaya'),
(528, 14, 'Tonila'),
(529, 14, 'Totatiche'),
(530, 14, 'Tototlán'),
(531, 14, 'Tuxcacuesco'),
(532, 14, 'Tuxcueca'),
(533, 14, 'Tuxpan'),
(534, 14, 'Unión de San Antonio'),
(535, 14, 'Unión de Tula'),
(536, 14, 'Valle de Guadalupe'),
(537, 14, 'Valle de Juárez'),
(538, 14, 'San Gabriel'),
(539, 14, 'Villa Corona'),
(540, 14, 'Villa Guerrero'),
(541, 14, 'Villa Hidalgo'),
(542, 14, 'Cañadas de Obregón'),
(543, 14, 'Yahualica de González Gallo'),
(544, 14, 'Zacoalco de Torres'),
(545, 14, 'Zapopan'),
(546, 14, 'Zapotiltic'),
(547, 14, 'Zapotitlán de Vadillo'),
(548, 14, 'Zapotlán del Rey'),
(549, 14, 'Zapotlanejo'),
(550, 14, 'Capilla de Guadalupe'),
(551, 15, 'Acambay'),
(552, 15, 'Acolman'),
(553, 15, 'Aculco'),
(554, 15, 'Almoloya de Alquisiras'),
(555, 15, 'Almoloya de Juárez'),
(556, 15, 'Almoloya del Río'),
(557, 15, 'Amanalco'),
(558, 15, 'Amatepec'),
(559, 15, 'Amecameca'),
(560, 15, 'Apaxco'),
(561, 15, 'Atenco'),
(562, 15, 'Atizapán'),
(563, 15, 'Atizapán de Zaragoza'),
(564, 15, 'Atlacomulco'),
(565, 15, 'Atlautla'),
(566, 15, 'Axapusco'),
(567, 15, 'Ayapango'),
(568, 15, 'Calimaya'),
(569, 15, 'Capulhuac'),
(570, 15, 'Coacalco de Berriozábal'),
(571, 15, 'Coatepec Harinas'),
(572, 15, 'Cocotitlán'),
(573, 15, 'Coyotepec'),
(574, 15, 'Cuautitlán'),
(575, 15, 'Chalco'),
(576, 15, 'Chapa de Mota'),
(577, 15, 'Chapultepec'),
(578, 15, 'Chiautla'),
(579, 15, 'Chicoloapan'),
(580, 15, 'Chiconcuac'),
(581, 15, 'Chimalhuacán'),
(582, 15, 'Donato Guerra'),
(583, 15, 'Ecatepec de Morelos'),
(584, 15, 'Ecatzingo'),
(585, 15, 'Huehuetoca'),
(586, 15, 'Hueypoxtla'),
(587, 15, 'Huixquilucan'),
(588, 15, 'Isidro Fabela'),
(589, 15, 'Ixtapaluca'),
(590, 15, 'Ixtapan de la Sal'),
(591, 15, 'Ixtapan del Oro'),
(592, 15, 'Ixtlahuaca'),
(593, 15, 'Xalatlaco'),
(594, 15, 'Jaltenco'),
(595, 15, 'Jilotepec'),
(596, 15, 'Jilotzingo'),
(597, 15, 'Jiquipilco'),
(598, 15, 'Jocotitlán'),
(599, 15, 'Joquicingo'),
(600, 15, 'Juchitepec'),
(601, 15, 'Lerma'),
(602, 15, 'Malinalco'),
(603, 15, 'Melchor Ocampo'),
(604, 15, 'Metepec'),
(605, 15, 'Mexicaltzingo'),
(606, 15, 'Morelos'),
(607, 15, 'Naucalpan de Juárez'),
(608, 15, 'Nezahualcóyotl'),
(609, 15, 'Nextlalpan'),
(610, 15, 'Nicolás Romero'),
(611, 15, 'Nopaltepec'),
(612, 15, 'Ocoyoacac'),
(613, 15, 'Ocuilan'),
(614, 15, 'El Oro'),
(615, 15, 'Otumba'),
(616, 15, 'Otzoloapan'),
(617, 15, 'Otzolotepec'),
(618, 15, 'Ozumba'),
(619, 15, 'Papalotla'),
(620, 15, 'La Paz'),
(621, 15, 'Polotitlán'),
(622, 15, 'Rayón'),
(623, 15, 'San Antonio la Isla'),
(624, 15, 'San Felipe del Progreso'),
(625, 15, 'San Martín de las Pirámides'),
(626, 15, 'San Mateo Atenco'),
(627, 15, 'San Simón de Guerrero'),
(628, 15, 'Santo Tomás'),
(629, 15, 'Soyaniquilpan de Juárez'),
(630, 15, 'Sultepec'),
(631, 15, 'Tecámac'),
(632, 15, 'Tejupilco'),
(633, 15, 'Temamatla'),
(634, 15, 'Temascalapa'),
(635, 15, 'Temascalcingo'),
(636, 15, 'Temascaltepec'),
(637, 15, 'Temoaya'),
(638, 15, 'Tenancingo'),
(639, 15, 'Tenango del Aire'),
(640, 15, 'Tenango del Valle'),
(641, 15, 'Teoloyucan'),
(642, 15, 'Teotihuacán'),
(643, 15, 'Tepetlaoxtoc'),
(644, 15, 'Tepetlixpa'),
(645, 15, 'Tepotzotlán'),
(646, 15, 'Tequixquiac'),
(647, 15, 'Texcaltitlán'),
(648, 15, 'Texcalyacac'),
(649, 15, 'Texcoco'),
(650, 15, 'Tezoyuca'),
(651, 15, 'Tianguistenco'),
(652, 15, 'Timilpan'),
(653, 15, 'Tlalmanalco'),
(654, 15, 'Tlalnepantla de Baz'),
(655, 15, 'Tlatlaya'),
(656, 15, 'Toluca'),
(657, 15, 'Tonatico'),
(658, 15, 'Tultepec'),
(659, 15, 'Tultitlán'),
(660, 15, 'Valle de Bravo'),
(661, 15, 'Villa de Allende'),
(662, 15, 'Villa del Carbón'),
(663, 15, 'Villa Guerrero'),
(664, 15, 'Villa Victoria'),
(665, 15, 'Xonacatlán'),
(666, 15, 'Zacazonapan'),
(667, 15, 'Zacualpan'),
(668, 15, 'Zinacantepec'),
(669, 15, 'Zumpahuacán'),
(670, 15, 'Zumpango'),
(671, 15, 'Cuautitlán Izcalli'),
(672, 15, 'Valle de Chalco Solidaridad'),
(673, 15, 'Luvianos'),
(674, 15, 'San José del Rincón'),
(675, 15, 'Tonanitla'),
(676, 16, 'Acuitzio'),
(677, 16, 'Aguililla'),
(678, 16, 'Álvaro Obregón'),
(679, 16, 'Angamacutiro'),
(680, 16, 'Angangueo'),
(681, 16, 'Apatzingán'),
(682, 16, 'Aporo'),
(683, 16, 'Aquila'),
(684, 16, 'Ario'),
(685, 16, 'Arteaga'),
(686, 16, 'Briseñas'),
(687, 16, 'Buenavista'),
(688, 16, 'Carácuaro'),
(689, 16, 'Coahuayana'),
(690, 16, 'Coalcomán de Vázquez Pallares'),
(691, 16, 'Coeneo'),
(692, 16, 'Contepec'),
(693, 16, 'Copándaro'),
(694, 16, 'Cotija'),
(695, 16, 'Cuitzeo'),
(696, 16, 'Charapan'),
(697, 16, 'Charo'),
(698, 16, 'Chavinda'),
(699, 16, 'Cherán'),
(700, 16, 'Chilchota'),
(701, 16, 'Chinicuila'),
(702, 16, 'Chucándiro'),
(703, 16, 'Churintzio'),
(704, 16, 'Churumuco'),
(705, 16, 'Ecuandureo'),
(706, 16, 'Epitacio Huerta'),
(707, 16, 'Erongarícuaro'),
(708, 16, 'Gabriel Zamora'),
(709, 16, 'Hidalgo'),
(710, 16, 'La Huacana'),
(711, 16, 'Huandacareo'),
(712, 16, 'Huaniqueo'),
(713, 16, 'Huetamo'),
(714, 16, 'Huiramba'),
(715, 16, 'Indaparapeo'),
(716, 16, 'Irimbo'),
(717, 16, 'Ixtlán'),
(718, 16, 'Jacona'),
(719, 16, 'Jiménez'),
(720, 16, 'Jiquilpan'),
(721, 16, 'Juárez'),
(722, 16, 'Jungapeo'),
(723, 16, 'Lagunillas'),
(724, 16, 'Madero'),
(725, 16, 'Maravatío'),
(726, 16, 'Marcos Castellanos'),
(727, 16, 'Lázaro Cárdenas'),
(728, 16, 'Morelia'),
(729, 16, 'Morelos'),
(730, 16, 'Múgica'),
(731, 16, 'Nahuatzen'),
(732, 16, 'Nocupétaro'),
(733, 16, 'Nuevo Parangaricutiro'),
(734, 16, 'Nuevo Urecho'),
(735, 16, 'Numarán'),
(736, 16, 'Ocampo'),
(737, 16, 'Pajacuarán'),
(738, 16, 'Panindícuaro'),
(739, 16, 'Parácuaro'),
(740, 16, 'Paracho'),
(741, 16, 'Pátzcuaro'),
(742, 16, 'Penjamillo'),
(743, 16, 'Peribán'),
(744, 16, 'La Piedad'),
(745, 16, 'Purépero'),
(746, 16, 'Puruándiro'),
(747, 16, 'Queréndaro'),
(748, 16, 'Quiroga'),
(749, 16, 'Cojumatlán de Régules'),
(750, 16, 'Los Reyes'),
(751, 16, 'Sahuayo'),
(752, 16, 'San Lucas'),
(753, 16, 'Santa Ana Maya'),
(754, 16, 'Salvador Escalante'),
(755, 16, 'Senguio'),
(756, 16, 'Susupuato'),
(757, 16, 'Tacámbaro'),
(758, 16, 'Tancítaro'),
(759, 16, 'Tangamandapio'),
(760, 16, 'Tangancícuaro'),
(761, 16, 'Tanhuato'),
(762, 16, 'Taretan'),
(763, 16, 'Tarímbaro'),
(764, 16, 'Tepalcatepec'),
(765, 16, 'Tingambato'),
(766, 16, 'Tingüindín'),
(767, 16, 'Tiquicheo de Nicolás Romero'),
(768, 16, 'Tlalpujahua'),
(769, 16, 'Tlazazalca'),
(770, 16, 'Tocumbo'),
(771, 16, 'Tumbiscatío'),
(772, 16, 'Turicato'),
(773, 16, 'Tuxpan'),
(774, 16, 'Tuzantla'),
(775, 16, 'Tzintzuntzan'),
(776, 16, 'Tzitzio'),
(777, 16, 'Uruapan'),
(778, 16, 'Venustiano Carranza'),
(779, 16, 'Villamar'),
(780, 16, 'Vista Hermosa'),
(781, 17, 'Amacuzac'),
(782, 17, 'Atlatlahucan'),
(783, 17, 'Axochiapan'),
(784, 17, 'Ayala'),
(785, 17, 'Coatlán del Río'),
(786, 17, 'Cuautla'),
(787, 17, 'Cuernavaca'),
(788, 17, 'Emiliano Zapata'),
(789, 17, 'Huitzilac'),
(790, 17, 'Jantetelco'),
(791, 17, 'Jiutepec'),
(792, 17, 'Jojutla'),
(793, 17, 'Jonacatepec'),
(794, 17, 'Mazatepec'),
(795, 17, 'Miacatlán'),
(796, 17, 'Ocuituco'),
(797, 17, 'Puente de Ixtla'),
(798, 17, 'Temixco'),
(799, 17, 'Tepalcingo'),
(800, 17, 'Tepoztlán'),
(801, 17, 'Tetecala'),
(802, 17, 'Tetela del Volcán'),
(803, 17, 'Tlalnepantla'),
(804, 17, 'Tlaltizapán'),
(805, 17, 'Tlaquiltenango'),
(806, 17, 'Tlayacapan'),
(807, 17, 'Totolapan'),
(808, 17, 'Xochitepec'),
(809, 17, 'Yautepec'),
(810, 17, 'Yecapixtla'),
(811, 17, 'Zacatepec'),
(812, 17, 'Zacualpan'),
(813, 17, 'Temoac'),
(814, 18, 'Acaponeta'),
(815, 18, 'Ahuacatlán'),
(816, 18, 'Amatlán de Cañas'),
(817, 18, 'Bahía de Banderas'),
(818, 18, 'Compostela'),
(819, 18, 'El Nayar'),
(820, 18, 'Huajicori'),
(821, 18, 'Ixtlán del Río'),
(822, 18, 'Jala'),
(823, 18, 'La Yesca'),
(824, 18, 'Rosamorada'),
(825, 18, 'Ruiz'),
(826, 18, 'San Blas'),
(827, 18, 'San Pedro Lagunillas'),
(828, 18, 'Santa María del Oro'),
(829, 18, 'Santiago Ixcuintla'),
(830, 18, 'Tecuala'),
(831, 18, 'Tepic Capital del estado'),
(832, 18, 'Tuxpan'),
(833, 18, 'Xalisco'),
(834, 19, 'Abasolo'),
(835, 19, 'Agualeguas'),
(836, 19, 'Los Aldamas'),
(837, 19, 'Allende'),
(838, 19, 'Anáhuac'),
(839, 19, 'Apodaca'),
(840, 19, 'Aramberri'),
(841, 19, 'Bustamante'),
(842, 19, 'Cadereyta Jiménez'),
(843, 19, 'Carmen'),
(844, 19, 'Cerralvo'),
(845, 19, 'Ciénega de Flores'),
(846, 19, 'China'),
(847, 19, 'Doctor Arroyo'),
(848, 19, 'Doctor Coss'),
(849, 19, 'Doctor González'),
(850, 19, 'Galeana'),
(851, 19, 'García'),
(852, 19, 'San Pedro Garza García'),
(853, 19, 'General Bravo'),
(854, 19, 'General Escobedo'),
(855, 19, 'General Terán'),
(856, 19, 'General Treviño'),
(857, 19, 'General Zaragoza'),
(858, 19, 'General Zuazua'),
(859, 19, 'Guadalupe'),
(860, 19, 'Los Herreras'),
(861, 19, 'Higueras'),
(862, 19, 'Hualahuises'),
(863, 19, 'Iturbide'),
(864, 19, 'Juárez'),
(865, 19, 'Lampazos de Naranjo'),
(866, 19, 'Linares'),
(867, 19, 'Marín'),
(868, 19, 'Melchor Ocampo'),
(869, 19, 'Mier y Noriega'),
(870, 19, 'Mina'),
(871, 19, 'Montemorelos'),
(872, 19, 'Monterrey'),
(873, 19, 'Parás'),
(874, 19, 'Pesquería'),
(875, 19, 'Los Ramones'),
(876, 19, 'Rayones'),
(877, 19, 'Sabinas Hidalgo'),
(878, 19, 'Salinas Victoria'),
(879, 19, 'San Nicolás de los Garza'),
(880, 19, 'Hidalgo'),
(881, 19, 'Santa Catarina'),
(882, 19, 'Santiago'),
(883, 19, 'Vallecillo'),
(884, 19, 'Villaldama'),
(885, 20, 'Abejones'),
(886, 20, 'Acatlán de Pérez Figueroa'),
(887, 20, 'Asunción Cacalotepec'),
(888, 20, 'Asunción Cuyotepeji'),
(889, 20, 'Asunción Ixtaltepec'),
(890, 20, 'Asunción Nochixtlán'),
(891, 20, 'Asunción Ocotlán'),
(892, 20, 'Asunción Tlacolulita'),
(893, 20, 'Ayotzintepec'),
(894, 20, 'El Barrio de la Soledad'),
(895, 20, 'Calihualá'),
(896, 20, 'Candelaria Loxicha'),
(897, 20, 'Ciénega de Zimatlán'),
(898, 20, 'Ciudad Ixtepec'),
(899, 20, 'Coatecas Altas'),
(900, 20, 'Coicoyán de las Flores'),
(901, 20, 'La Compañía'),
(902, 20, 'Concepción Buenavista'),
(903, 20, 'Concepción Pápalo'),
(904, 20, 'Constancia del Rosario'),
(905, 20, 'Cosolapa'),
(906, 20, 'Cosoltepec'),
(907, 20, 'Cuilápam de Guerrero'),
(908, 20, 'Cuyamecalco Villa de Zaragoza'),
(909, 20, 'Chahuites'),
(910, 20, 'Chalcatongo de Hidalgo'),
(911, 20, 'Chiquihuitlán de Benito Juárez'),
(912, 20, 'Heroica Ciudad de Ejutla de Crespo'),
(913, 20, 'Eloxochitlán de Flores Magón'),
(914, 20, 'El Espinal'),
(915, 20, 'Tamazulapam del Espíritu Santo'),
(916, 20, 'Fresnillo de Trujano'),
(917, 20, 'Guadalupe Etla'),
(918, 20, 'Guadalupe de Ramírez'),
(919, 20, 'Guelatao de Juárez'),
(920, 20, 'Guevea de Humboldt'),
(921, 20, 'Mesones Hidalgo'),
(922, 20, 'Villa Hidalgo'),
(923, 20, 'Heroica Ciudad de Huajuapan de León'),
(924, 20, 'Huautepec'),
(925, 20, 'Huautla de Jiménez'),
(926, 20, 'Ixtlán de Juárez'),
(927, 20, 'Heroica Ciudad de Juchitán de Zaragoza'),
(928, 20, 'Loma Bonita'),
(929, 20, 'Magdalena Apasco'),
(930, 20, 'Magdalena Jaltepec'),
(931, 20, 'Santa Magdalena Jicotlán'),
(932, 20, 'Magdalena Mixtepec'),
(933, 20, 'Magdalena Ocotlán'),
(934, 20, 'Magdalena Peñasco'),
(935, 20, 'Magdalena Teitipac'),
(936, 20, 'Magdalena Tequisistlán'),
(937, 20, 'Magdalena Tlacotepec'),
(938, 20, 'Magdalena Zahuatlán'),
(939, 20, 'Mariscala de Juárez'),
(940, 20, 'Mártires de Tacubaya'),
(941, 20, 'Matías Romero Avendaño'),
(942, 20, 'Mazatlán Villa de Flores'),
(943, 20, 'Miahuatlán de Porfirio Díaz'),
(944, 20, 'Mixistlán de la Reforma'),
(945, 20, 'Monjas'),
(946, 20, 'Natividad'),
(947, 20, 'Nazareno Etla'),
(948, 20, 'Nejapa de Madero'),
(949, 20, 'Ixpantepec Nieves'),
(950, 20, 'Santiago Niltepec'),
(951, 20, 'Oaxaca de Juárez'),
(952, 20, 'Ocotlán de Morelos'),
(953, 20, 'La Pe'),
(954, 20, 'Pinotepa de Don Luis'),
(955, 20, 'Pluma Hidalgo'),
(956, 20, 'San José del Progreso'),
(957, 20, 'Putla Villa de Guerrero'),
(958, 20, 'Santa Catarina Quioquitani'),
(959, 20, 'Reforma de Pineda'),
(960, 20, 'La Reforma'),
(961, 20, 'Reyes Etla'),
(962, 20, 'Rojas de Cuauhtémoc'),
(963, 20, 'Salina Cruz'),
(964, 20, 'San Agustín Amatengo'),
(965, 20, 'San Agustín Atenango'),
(966, 20, 'San Agustín Chayuco'),
(967, 20, 'San Agustín de las Juntas'),
(968, 20, 'San Agustín Etla'),
(969, 20, 'San Agustín Loxicha'),
(970, 20, 'San Agustín Tlacotepec'),
(971, 20, 'San Agustín Yatareni'),
(972, 20, 'San Andrés Cabecera Nueva'),
(973, 20, 'San Andrés Dinicuiti'),
(974, 20, 'San Andrés Huaxpaltepec'),
(975, 20, 'San Andrés Huayapam'),
(976, 20, 'San Andrés Ixtlahuaca'),
(977, 20, 'San Andrés Lagunas'),
(978, 20, 'San Andrés Nuxiño'),
(979, 20, 'San Andrés Paxtlán'),
(980, 20, 'San Andrés Sinaxtla'),
(981, 20, 'San Andrés Solaga'),
(982, 20, 'San Andrés Teotilálpam'),
(983, 20, 'San Andrés Tepetlapa'),
(984, 20, 'San Andrés Yaá'),
(985, 20, 'San Andrés Zabache'),
(986, 20, 'San Andrés Zautla'),
(987, 20, 'San Antonino Castillo Velasco'),
(988, 20, 'San Antonino el Alto'),
(989, 20, 'San Antonino Monte Verde'),
(990, 20, 'San Antonio Acutla'),
(991, 20, 'San Antonio de la Cal'),
(992, 20, 'San Antonio Huitepec'),
(993, 20, 'San Antonio Nanahuatipam'),
(994, 20, 'San Antonio Sinicahua'),
(995, 20, 'San Antonio Tepetlapa'),
(996, 20, 'San Baltazar Chichicapam'),
(997, 20, 'San Baltazar Loxicha'),
(998, 20, 'San Baltazar Yatzachi el Bajo'),
(999, 20, 'San Bartolo Coyotepec'),
(1000, 20, 'San Bartolomé Ayautla'),
(1001, 20, 'San Bartolomé Loxicha'),
(1002, 20, 'San Bartolomé Quialana'),
(1003, 20, 'San Bartolomé Yucuañe'),
(1004, 20, 'San Bartolomé Zoogocho'),
(1005, 20, 'San Bartolo Soyaltepec'),
(1006, 20, 'San Bartolo Yautepec'),
(1007, 20, 'San Bernardo Mixtepec'),
(1008, 20, 'San Blas Atempa'),
(1009, 20, 'San Carlos Yautepec'),
(1010, 20, 'San Cristóbal Amatlán'),
(1011, 20, 'San Cristóbal Amoltepec'),
(1012, 20, 'San Cristóbal Lachirioag'),
(1013, 20, 'San Cristóbal Suchixtlahuaca'),
(1014, 20, 'San Dionisio del Mar'),
(1015, 20, 'San Dionisio Ocotepec'),
(1016, 20, 'San Dionisio Ocotlán'),
(1017, 20, 'San Esteban Atatlahuca'),
(1018, 20, 'San Felipe Jalapa de Díaz'),
(1019, 20, 'San Felipe Tejalapam'),
(1020, 20, 'San Felipe Usila'),
(1021, 20, 'San Francisco Cahuacúa'),
(1022, 20, 'San Francisco Cajonos'),
(1023, 20, 'San Francisco Chapulapa'),
(1024, 20, 'San Francisco Chindúa'),
(1025, 20, 'San Francisco del Mar'),
(1026, 20, 'San Francisco Huehuetlán'),
(1027, 20, 'San Francisco Ixhuatán'),
(1028, 20, 'San Francisco Jaltepetongo'),
(1029, 20, 'San Francisco Lachigoló'),
(1030, 20, 'San Francisco Logueche'),
(1031, 20, 'San Francisco Nuxaño'),
(1032, 20, 'San Francisco Ozolotepec'),
(1033, 20, 'San Francisco Sola'),
(1034, 20, 'San Francisco Telixtlahuaca'),
(1035, 20, 'San Francisco Teopan'),
(1036, 20, 'San Francisco Tlapancingo'),
(1037, 20, 'San Gabriel Mixtepec'),
(1038, 20, 'San Ildefonso Amatlán'),
(1039, 20, 'San Ildefonso Sola'),
(1040, 20, 'San Ildefonso Villa Alta'),
(1041, 20, 'San Jacinto Amilpas'),
(1042, 20, 'San Jacinto Tlacotepec'),
(1043, 20, 'San Jerónimo Coatlán'),
(1044, 20, 'San Jerónimo Silacayoapilla'),
(1045, 20, 'San Jerónimo Sosola'),
(1046, 20, 'San Jerónimo Taviche'),
(1047, 20, 'San Jerónimo Tecoatl'),
(1048, 20, 'San Jorge Nuchita'),
(1049, 20, 'San José Ayuquila'),
(1050, 20, 'San José Chiltepec'),
(1051, 20, 'San José del Peñasco'),
(1052, 20, 'San José Estancia Grande'),
(1053, 20, 'San José Independencia'),
(1054, 20, 'San José Lachiguirí'),
(1055, 20, 'San José Tenango'),
(1056, 20, 'San Juan Achiutla'),
(1057, 20, 'San Juan Atepec'),
(1058, 20, 'Ánimas Trujano'),
(1059, 20, 'San Juan Bautista Atatlahuca'),
(1060, 20, 'San Juan Bautista Coixtlahuaca'),
(1061, 20, 'San Juan Bautista Cuicatlán'),
(1062, 20, 'San Juan Bautista Guelache'),
(1063, 20, 'San Juan Bautista Jayacatlán'),
(1064, 20, 'San Juan Bautista Lo de Soto'),
(1065, 20, 'San Juan Bautista Suchitepec'),
(1066, 20, 'San Juan Bautista Tlacoatzintepec'),
(1067, 20, 'San Juan Bautista Tlachichilco'),
(1068, 20, 'San Juan Bautista Tuxtepec'),
(1069, 20, 'San Juan Cacahuatepec'),
(1070, 20, 'San Juan Cieneguilla'),
(1071, 20, 'San Juan Coatzospam'),
(1072, 20, 'San Juan Colorado'),
(1073, 20, 'San Juan Comaltepec'),
(1074, 20, 'San Juan Cotzocón'),
(1075, 20, 'San Juan Chicomezúchil'),
(1076, 20, 'San Juan Chilateca'),
(1077, 20, 'San Juan del Estado'),
(1078, 20, 'San Juan del Río'),
(1079, 20, 'San Juan Diuxi'),
(1080, 20, 'San Juan Evangelista Analco'),
(1081, 20, 'San Juan Guelavía'),
(1082, 20, 'San Juan Guichicovi'),
(1083, 20, 'San Juan Ihualtepec'),
(1084, 20, 'San Juan Juquila Mixes'),
(1085, 20, 'San Juan Juquila Vijanos'),
(1086, 20, 'San Juan Lachao'),
(1087, 20, 'San Juan Lachigalla'),
(1088, 20, 'San Juan Lajarcia'),
(1089, 20, 'San Juan Lalana'),
(1090, 20, 'San Juan de los Cues'),
(1091, 20, 'San Juan Mazatlán'),
(1092, 20, 'San Juan Mixtepec -Distrito 08-'),
(1093, 20, 'San Juan Mixtepec -Distrito 26-'),
(1094, 20, 'San Juan Ñumí'),
(1095, 20, 'San Juan Ozolotepec'),
(1096, 20, 'San Juan Petlapa'),
(1097, 20, 'San Juan Quiahije'),
(1098, 20, 'San Juan Quiotepec'),
(1099, 20, 'San Juan Sayultepec'),
(1100, 20, 'San Juan Tabaá'),
(1101, 20, 'San Juan Tamazola'),
(1102, 20, 'San Juan Teita'),
(1103, 20, 'San Juan Teitipac'),
(1104, 20, 'San Juan Tepeuxila'),
(1105, 20, 'San Juan Teposcolula'),
(1106, 20, 'San Juan Yaeé'),
(1107, 20, 'San Juan Yatzona'),
(1108, 20, 'San Juan Yucuita'),
(1109, 20, 'San Lorenzo'),
(1110, 20, 'San Lorenzo Albarradas'),
(1111, 20, 'San Lorenzo Cacaotepec'),
(1112, 20, 'San Lorenzo Cuaunecuiltitla'),
(1113, 20, 'San Lorenzo Texmelucan'),
(1114, 20, 'San Lorenzo Victoria'),
(1115, 20, 'San Lucas Camotlán'),
(1116, 20, 'San Lucas Ojitlán'),
(1117, 20, 'San Lucas Quiaviní'),
(1118, 20, 'San Lucas Zoquiapam'),
(1119, 20, 'San Luis Amatlán'),
(1120, 20, 'San Marcial Ozolotepec'),
(1121, 20, 'San Marcos Arteaga'),
(1122, 20, 'San Martín de los Cansecos'),
(1123, 20, 'San Martín Huamelulpam'),
(1124, 20, 'San Martín Itunyoso'),
(1125, 20, 'San Martín Lachilá'),
(1126, 20, 'San Martín Peras'),
(1127, 20, 'San Martín Tilcajete'),
(1128, 20, 'San Martín Toxpalan'),
(1129, 20, 'San Martín Zacatepec'),
(1130, 20, 'San Mateo Cajonos'),
(1131, 20, 'Capulálpam de Méndez'),
(1132, 20, 'San Mateo del Mar'),
(1133, 20, 'San Mateo Yoloxochitlán'),
(1134, 20, 'San Mateo Etlatongo'),
(1135, 20, 'San Mateo Nejapam'),
(1136, 20, 'San Mateo Peñasco'),
(1137, 20, 'San Mateo Piñas'),
(1138, 20, 'San Mateo Río Hondo'),
(1139, 20, 'San Mateo Sindihui'),
(1140, 20, 'San Mateo Tlapiltepec'),
(1141, 20, 'San Melchor Betaza'),
(1142, 20, 'San Miguel Achiutla'),
(1143, 20, 'San Miguel Ahuehuetitlán'),
(1144, 20, 'San Miguel Aloápam'),
(1145, 20, 'San Miguel Amatitlán'),
(1146, 20, 'San Miguel Amatlán'),
(1147, 20, 'San Miguel Coatlán'),
(1148, 20, 'San Miguel Chicahua'),
(1149, 20, 'San Miguel Chimalapa'),
(1150, 20, 'San Miguel del Puerto'),
(1151, 20, 'San Miguel del Río'),
(1152, 20, 'San Miguel Ejutla'),
(1153, 20, 'San Miguel el Grande'),
(1154, 20, 'San Miguel Huautla'),
(1155, 20, 'San Miguel Mixtepec'),
(1156, 20, 'San Miguel Panixtlahuaca'),
(1157, 20, 'San Miguel Peras'),
(1158, 20, 'San Miguel Piedras'),
(1159, 20, 'San Miguel Quetzaltepec'),
(1160, 20, 'San Miguel Santa Flor'),
(1161, 20, 'Villa Sola de Vega'),
(1162, 20, 'San Miguel Soyaltepec'),
(1163, 20, 'San Miguel Suchixtepec'),
(1164, 20, 'Villa Talea de Castro'),
(1165, 20, 'San Miguel Tecomatlán'),
(1166, 20, 'San Miguel Tenango'),
(1167, 20, 'San Miguel Tequixtepec'),
(1168, 20, 'San Miguel Tilquiapam'),
(1169, 20, 'San Miguel Tlacamama'),
(1170, 20, 'San Miguel Tlacotepec'),
(1171, 20, 'San Miguel Tulancingo'),
(1172, 20, 'San Miguel Yotao'),
(1173, 20, 'San Nicolás'),
(1174, 20, 'San Nicolás Hidalgo'),
(1175, 20, 'San Pablo Coatlán'),
(1176, 20, 'San Pablo Cuatro Venados'),
(1177, 20, 'San Pablo Etla'),
(1178, 20, 'San Pablo Huitzo'),
(1179, 20, 'San Pablo Huixtepec'),
(1180, 20, 'San Pablo Macuiltianguis'),
(1181, 20, 'San Pablo Tijaltepec'),
(1182, 20, 'San Pablo Villa de Mitla'),
(1183, 20, 'San Pablo Yaganiza'),
(1184, 20, 'San Pedro Amuzgos'),
(1185, 20, 'San Pedro Apóstol'),
(1186, 20, 'San Pedro Atoyac'),
(1187, 20, 'San Pedro Cajonos'),
(1188, 20, 'San Pedro Coxcaltepec Cántaros'),
(1189, 20, 'San Pedro Comitancillo'),
(1190, 20, 'San Pedro el Alto'),
(1191, 20, 'San Pedro Huamelula'),
(1192, 20, 'San Pedro Huilotepec'),
(1193, 20, 'San Pedro Ixcatlán'),
(1194, 20, 'San Pedro Ixtlahuaca'),
(1195, 20, 'San Pedro Jaltepetongo'),
(1196, 20, 'San Pedro Jicayán'),
(1197, 20, 'San Pedro Jocotipac'),
(1198, 20, 'San Pedro Juchatengo'),
(1199, 20, 'San Pedro Mártir'),
(1200, 20, 'San Pedro Mártir Quiechapa'),
(1201, 20, 'San Pedro Mártir Yucuxaco'),
(1202, 20, 'San Pedro Mixtepec - Distrito 22 -'),
(1203, 20, 'San Pedro Mixtepec - Distrito 26 -'),
(1204, 20, 'San Pedro Molinos'),
(1205, 20, 'San Pedro Nopala'),
(1206, 20, 'San Pedro Ocopetatillo'),
(1207, 20, 'San Pedro Ocotepec'),
(1208, 20, 'San Pedro Pochutla'),
(1209, 20, 'San Pedro Quiatoni'),
(1210, 20, 'San Pedro Sochiapam'),
(1211, 20, 'San Pedro Tapanatepec'),
(1212, 20, 'San Pedro Taviche'),
(1213, 20, 'San Pedro Teozacoalco'),
(1214, 20, 'San Pedro Teutila'),
(1215, 20, 'San Pedro Tidaá'),
(1216, 20, 'San Pedro Topiltepec'),
(1217, 20, 'San Pedro Totolapa'),
(1218, 20, 'Villa de Tututepec de Melchor Ocampo'),
(1219, 20, 'San Pedro Yaneri'),
(1220, 20, 'San Pedro Yólox'),
(1221, 20, 'San Pedro y San Pablo Ayutla'),
(1222, 20, 'Villa de Etla'),
(1223, 20, 'San Pedro y San Pablo Teposcolula'),
(1224, 20, 'San Pedro y San Pablo Tequixtepec'),
(1225, 20, 'San Pedro Yucunama'),
(1226, 20, 'San Raymundo Jalpan'),
(1227, 20, 'San Sebastián Abasolo'),
(1228, 20, 'San Sebastián Coatlán'),
(1229, 20, 'San Sebastián Ixcapa'),
(1230, 20, 'San Sebastián Nicananduta'),
(1231, 20, 'San Sebastián Río Hondo'),
(1232, 20, 'San Sebastián Tecomaxtlahuaca'),
(1233, 20, 'San Sebastián Teitipac'),
(1234, 20, 'San Sebastián Tutla'),
(1235, 20, 'San Simón Almolongas'),
(1236, 20, 'San Simón Zahuatlán'),
(1237, 20, 'Santa Ana'),
(1238, 20, 'Santa Ana Ateixtlahuaca'),
(1239, 20, 'Santa Ana Cuauhtémoc'),
(1240, 20, 'Santa Ana del Valle'),
(1241, 20, 'Santa Ana Tavela'),
(1242, 20, 'Santa Ana Tlapacoyan'),
(1243, 20, 'Santa Ana Yareni'),
(1244, 20, 'Santa Ana Zegache'),
(1245, 20, 'Santa Catalina Quieri'),
(1246, 20, 'Santa Catarina Cuixtla'),
(1247, 20, 'Santa Catarina Ixtepeji'),
(1248, 20, 'Santa Catarina Juquila'),
(1249, 20, 'Santa Catarina Lachatao'),
(1250, 20, 'Santa Catarina Loxicha'),
(1251, 20, 'Santa Catarina Mechoacán'),
(1252, 20, 'Santa Catarina Minas'),
(1253, 20, 'Santa Catarina Quiané'),
(1254, 20, 'Santa Catarina Tayata'),
(1255, 20, 'Santa Catarina Ticuá'),
(1256, 20, 'Santa Catarina Yosonotú'),
(1257, 20, 'Santa Catarina Zapoquila'),
(1258, 20, 'Santa Cruz Acatepec'),
(1259, 20, 'Santa Cruz Amilpas'),
(1260, 20, 'Santa Cruz de Bravo'),
(1261, 20, 'Santa Cruz Itundujia'),
(1262, 20, 'Santa Cruz Mixtepec'),
(1263, 20, 'Santa Cruz Nundaco'),
(1264, 20, 'Santa Cruz Papalutla'),
(1265, 20, 'Santa Cruz Tacache de Mina'),
(1266, 20, 'Santa Cruz Tacahua'),
(1267, 20, 'Santa Cruz Tayata'),
(1268, 20, 'Santa Cruz Xitla'),
(1269, 20, 'Santa Cruz Xoxocotlán'),
(1270, 20, 'Santa Cruz Zenzontepec'),
(1271, 20, 'Santa Gertrudis'),
(1272, 20, 'Santa Inés del Monte'),
(1273, 20, 'Santa Inés Yatzeche'),
(1274, 20, 'Santa Lucía del Camino'),
(1275, 20, 'Santa Lucía Miahuatlán'),
(1276, 20, 'Santa Lucía Monteverde'),
(1277, 20, 'Santa Lucía Ocotlán'),
(1278, 20, 'Santa María Alotepec'),
(1279, 20, 'Santa María Apazco'),
(1280, 20, 'Santa María la Asunción'),
(1281, 20, 'Heroica Ciudad de Tlaxiaco'),
(1282, 20, 'Ayoquezco de Aldama'),
(1283, 20, 'Santa María Atzompa'),
(1284, 20, 'Santa María Camotlán'),
(1285, 20, 'Santa María Colotepec'),
(1286, 20, 'Santa María Cortijo'),
(1287, 20, 'Santa María Coyotepec'),
(1288, 20, 'Santa María Chachoapam'),
(1289, 20, 'Villa de Chilapa de Díaz'),
(1290, 20, 'Santa María Chilchotla'),
(1291, 20, 'Santa María Chimalapa'),
(1292, 20, 'Santa María del Rosario'),
(1293, 20, 'Santa María del Tule'),
(1294, 20, 'Santa María Ecatepec'),
(1295, 20, 'Santa María Guelacé'),
(1296, 20, 'Santa María Guienagati'),
(1297, 20, 'Santa María Huatulco'),
(1298, 20, 'Santa María Huazolotitlán'),
(1299, 20, 'Santa María Ipalapa'),
(1300, 20, 'Santa María Ixcatlán'),
(1301, 20, 'Santa María Jacatepec'),
(1302, 20, 'Santa María Jalapa del Marqués'),
(1303, 20, 'Santa María Jaltianguis'),
(1304, 20, 'Santa María Lachixío'),
(1305, 20, 'Santa María Mixtequilla'),
(1306, 20, 'Santa María Nativitas'),
(1307, 20, 'Santa María Nduayaco'),
(1308, 20, 'Santa María Ozolotepec'),
(1309, 20, 'Santa María Pápalo'),
(1310, 20, 'Santa María Peñoles'),
(1311, 20, 'Santa María Petapa'),
(1312, 20, 'Santa María Quiegolani'),
(1313, 20, 'Santa María Sola'),
(1314, 20, 'Santa María Tataltepec'),
(1315, 20, 'Santa María Tecomavaca'),
(1316, 20, 'Santa María Temaxcalapa'),
(1317, 20, 'Santa María Temaxcaltepec'),
(1318, 20, 'Santa María Teopoxco'),
(1319, 20, 'Santa María Tepantlali'),
(1320, 20, 'Santa María Texcatitlán'),
(1321, 20, 'Santa María Tlahuitoltepec'),
(1322, 20, 'Santa María Tlalixtac'),
(1323, 20, 'Santa María Tonameca'),
(1324, 20, 'Santa María Totolapilla'),
(1325, 20, 'Santa María Xadani'),
(1326, 20, 'Santa María Yalina'),
(1327, 20, 'Santa María Yavesía'),
(1328, 20, 'Santa María Yolotepec'),
(1329, 20, 'Santa María Yosoyúa'),
(1330, 20, 'Santa María Yucuhiti'),
(1331, 20, 'Santa María Zacatepec'),
(1332, 20, 'Santa María Zaniza'),
(1333, 20, 'Santa María Zoquitlán'),
(1334, 20, 'Santiago Amoltepec'),
(1335, 20, 'Santiago Apoala'),
(1336, 20, 'Santiago Apóstol'),
(1337, 20, 'Santiago Astata'),
(1338, 20, 'Santiago Atitlán'),
(1339, 20, 'Santiago Ayuquililla'),
(1340, 20, 'Santiago Cacaloxtepec'),
(1341, 20, 'Santiago Camotlán'),
(1342, 20, 'Santiago Comaltepec'),
(1343, 20, 'Santiago Chazumba'),
(1344, 20, 'Santiago Choapam'),
(1345, 20, 'Santiago del Río'),
(1346, 20, 'Santiago Huajolotitlán'),
(1347, 20, 'Santiago Huauclilla'),
(1348, 20, 'Santiago Ihuitlán Plumas'),
(1349, 20, 'Santiago Ixcuintepec'),
(1350, 20, 'Santiago Ixtayutla'),
(1351, 20, 'Santiago Jamiltepec'),
(1352, 20, 'Santiago Jocotepec'),
(1353, 20, 'Santiago Juxtlahuaca'),
(1354, 20, 'Santiago Lachiguiri'),
(1355, 20, 'Santiago Lalopa'),
(1356, 20, 'Santiago Laollaga'),
(1357, 20, 'Santiago Laxopa'),
(1358, 20, 'Santiago Llano Grande'),
(1359, 20, 'Santiago Matatlán'),
(1360, 20, 'Santiago Miltepec'),
(1361, 20, 'Santiago Minas'),
(1362, 20, 'Santiago Nacaltepec'),
(1363, 20, 'Santiago Nejapilla'),
(1364, 20, 'Santiago Nundiche'),
(1365, 20, 'Santiago Nuyoó'),
(1366, 20, 'Santiago Pinotepa Nacional'),
(1367, 20, 'Santiago Suchilquitongo'),
(1368, 20, 'Santiago Tamazola'),
(1369, 20, 'Santiago Tapextla'),
(1370, 20, 'Villa Tejúpam de la Unión'),
(1371, 20, 'Santiago Tenango'),
(1372, 20, 'Santiago Tepetlapa'),
(1373, 20, 'Santiago Tetepec'),
(1374, 20, 'Santiago Texcalcingo'),
(1375, 20, 'Santiago Textitlán'),
(1376, 20, 'Santiago Tilantongo'),
(1377, 20, 'Santiago Tillo'),
(1378, 20, 'Santiago Tlazoyaltepec'),
(1379, 20, 'Santiago Xanica'),
(1380, 20, 'Santiago Xiacuí'),
(1381, 20, 'Santiago Yaitepec'),
(1382, 20, 'Santiago Yaveo'),
(1383, 20, 'Santiago Yolomécatl'),
(1384, 20, 'Santiago Yosondúa'),
(1385, 20, 'Santiago Yucuyachi'),
(1386, 20, 'Santiago Zacatepec'),
(1387, 20, 'Santiago Zoochila'),
(1388, 20, 'Nuevo Zoquiapam'),
(1389, 20, 'Santo Domingo Ingenio'),
(1390, 20, 'Santo Domingo Albarradas'),
(1391, 20, 'Santo Domingo Armenta'),
(1392, 20, 'Santo Domingo Chihuitán'),
(1393, 20, 'Santo Domingo de Morelos'),
(1394, 20, 'Santo Domingo Ixcatlán'),
(1395, 20, 'Santo Domingo Nuxaá'),
(1396, 20, 'Santo Domingo Ozolotepec'),
(1397, 20, 'Santo Domingo Petapa'),
(1398, 20, 'Santo Domingo Roayaga'),
(1399, 20, 'Santo Domingo Tehuantepec'),
(1400, 20, 'Santo Domingo Teojomulco'),
(1401, 20, 'Santo Domingo Tepuxtepec'),
(1402, 20, 'Santo Domingo Tlatayapam'),
(1403, 20, 'Santo Domingo Tomaltepec'),
(1404, 20, 'Santo Domingo Tonalá'),
(1405, 20, 'Santo Domingo Tonaltepec'),
(1406, 20, 'Santo Domingo Xagacía'),
(1407, 20, 'Santo Domingo Yanhuitlán'),
(1408, 20, 'Santo Domingo Yodohino'),
(1409, 20, 'Santo Domingo Zanatepec'),
(1410, 20, 'Santos Reyes Nopala'),
(1411, 20, 'Santos Reyes Pápalo'),
(1412, 20, 'Santos Reyes Tepejillo'),
(1413, 20, 'Santos Reyes Yucuná'),
(1414, 20, 'Santo Tomás Jalieza'),
(1415, 20, 'Santo Tomás Mazaltepec'),
(1416, 20, 'Santo Tomás Ocotepec'),
(1417, 20, 'Santo Tomás Tamazulapan'),
(1418, 20, 'San Vicente Coatlán'),
(1419, 20, 'San Vicente Lachixío'),
(1420, 20, 'San Vicente Nuñú'),
(1421, 20, 'Silacayoapam'),
(1422, 20, 'Sitio de Xitlapehua'),
(1423, 20, 'Soledad Etla'),
(1424, 20, 'Villa de Tamazulapam del Progreso'),
(1425, 20, 'Tanetze de Zaragoza'),
(1426, 20, 'Taniche'),
(1427, 20, 'Tataltepec de Valdés'),
(1428, 20, 'Teococuilco de Marcos Pérez'),
(1429, 20, 'Teotitlán de Flores Magón'),
(1430, 20, 'Teotitlán del Valle'),
(1431, 20, 'Teotongo'),
(1432, 20, 'Tepelmeme Villa de Morelos'),
(1433, 20, 'Tezoatlán de Segura y Luna'),
(1434, 20, 'San Jerónimo Tlacochahuaya'),
(1435, 20, 'Tlacolula de Matamoros'),
(1436, 20, 'Tlacotepec Plumas'),
(1437, 20, 'Tlalixtac de Cabrera'),
(1438, 20, 'Totontepec Villa de Morelos'),
(1439, 20, 'Trinidad Zaachila'),
(1440, 20, 'La Trinidad Vista Hermosa'),
(1441, 20, 'Unión Hidalgo'),
(1442, 20, 'Valerio Trujano'),
(1443, 20, 'San Juan Bautista Valle Nacional'),
(1444, 20, 'Villa Díaz Ordaz'),
(1445, 20, 'Yaxe'),
(1446, 20, 'Magdalena Yodocono de Porfirio Díaz'),
(1447, 20, 'Yogana'),
(1448, 20, 'Yutanduchi de Guerrero'),
(1449, 20, 'Villa de Zaachila'),
(1450, 20, 'Zapotitlán del Río'),
(1451, 20, 'Zapotitlán Lagunas'),
(1452, 20, 'Zapotitlán Palmas'),
(1453, 20, 'Santa Inés de Zaragoza'),
(1454, 20, 'Zimatlán de Álvarez'),
(1455, 21, 'Acajete'),
(1456, 21, 'Acateno'),
(1457, 21, 'Acatlán'),
(1458, 21, 'Acatzingo'),
(1459, 21, 'Acteopan'),
(1460, 21, 'Ahuacatlán'),
(1461, 21, 'Ahuatlán'),
(1462, 21, 'Ahuazotepec'),
(1463, 21, 'Ahuehuetitla'),
(1464, 21, 'Ajalpan'),
(1465, 21, 'Albino Zertuche'),
(1466, 21, 'Aljojuca'),
(1467, 21, 'Altepexi'),
(1468, 21, 'Amixtlán'),
(1469, 21, 'Amozoc'),
(1470, 21, 'Aquixtla'),
(1471, 21, 'Atempan'),
(1472, 21, 'Atexcal'),
(1473, 21, 'Atlixco'),
(1474, 21, 'Atoyatempan'),
(1475, 21, 'Atzala'),
(1476, 21, 'Atzitzihuacán'),
(1477, 21, 'Atzitzintla'),
(1478, 21, 'Axutla'),
(1479, 21, 'Ayotoxco de Guerrero'),
(1480, 21, 'Calpan'),
(1481, 21, 'Caltepec'),
(1482, 21, 'Camocuautla'),
(1483, 21, 'Caxhuacán'),
(1484, 21, 'Coatepec'),
(1485, 21, 'Coatzingo'),
(1486, 21, 'Cohetzala'),
(1487, 21, 'Cohuecán'),
(1488, 21, 'Coronango'),
(1489, 21, 'Coxcatlán'),
(1490, 21, 'Coyomeapan'),
(1491, 21, 'Coyotepec'),
(1492, 21, 'Cuapiaxtla de Madero'),
(1493, 21, 'Cuautempan'),
(1494, 21, 'Cuautinchán'),
(1495, 21, 'Cuautlancingo'),
(1496, 21, 'Cuayuca de Andrade'),
(1497, 21, 'Cuetzalan del Progreso'),
(1498, 21, 'Cuyoaco'),
(1499, 21, 'Chalchicomula de Sesma'),
(1500, 21, 'Chapulco'),
(1501, 21, 'Chiautla'),
(1502, 21, 'Chiautzingo'),
(1503, 21, 'Chiconcuautla'),
(1504, 21, 'Chichiquila'),
(1505, 21, 'Chietla'),
(1506, 21, 'Chigmecatitlán'),
(1507, 21, 'Chignahuapan'),
(1508, 21, 'Chignautla'),
(1509, 21, 'Chila de las Flores'),
(1510, 21, 'Chila de la Sal'),
(1511, 21, 'Honey'),
(1512, 21, 'Chilchotla'),
(1513, 21, 'Chinantla'),
(1514, 21, 'Domingo Arenas'),
(1515, 21, 'Eloxochitlán'),
(1516, 21, 'Epatlán'),
(1517, 21, 'Esperanza'),
(1518, 21, 'Francisco Z. Mena'),
(1519, 21, 'General Felipe Ángeles'),
(1520, 21, 'Guadalupe'),
(1521, 21, 'Guadalupe Victoria'),
(1522, 21, 'Hermenegildo Galeana'),
(1523, 21, 'Huaquechula'),
(1524, 21, 'Huatlatlauca'),
(1525, 21, 'Huauchinango'),
(1526, 21, 'Huehuetla'),
(1527, 21, 'Huehuetlán el Chico'),
(1528, 21, 'Huejotzingo'),
(1529, 21, 'Hueyapan'),
(1530, 21, 'Hueytamalco'),
(1531, 21, 'Hueytlalpan'),
(1532, 21, 'Huitzilan de Serdán'),
(1533, 21, 'Huitziltepec'),
(1534, 21, 'Atlequizayan'),
(1535, 21, 'Ixcamilpa de Guerrero'),
(1536, 21, 'Ixcaquixtla'),
(1537, 21, 'Ixtacamaxtitlán'),
(1538, 21, 'Ixtepec'),
(1539, 21, 'Izúcar de Matamoros'),
(1540, 21, 'Jalpan'),
(1541, 21, 'Jolalpan'),
(1542, 21, 'Jonotla'),
(1543, 21, 'Jopala'),
(1544, 21, 'Juan C. Bonilla'),
(1545, 21, 'Juan Galindo'),
(1546, 21, 'Juan N. Méndez'),
(1547, 21, 'Lafragua'),
(1548, 21, 'Libres'),
(1549, 21, 'La Magdalena Tlatlauquitepec'),
(1550, 21, 'Mazapiltepec de Juárez'),
(1551, 21, 'Mixtla'),
(1552, 21, 'Molcaxac'),
(1553, 21, 'Cañada Morelos'),
(1554, 21, 'Naupan'),
(1555, 21, 'Nauzontla'),
(1556, 21, 'Nealtican'),
(1557, 21, 'Nicolás Bravo'),
(1558, 21, 'Nopalucan'),
(1559, 21, 'Ocotepec'),
(1560, 21, 'Ocoyucan'),
(1561, 21, 'Olintla'),
(1562, 21, 'Oriental'),
(1563, 21, 'Pahuatlán'),
(1564, 21, 'Palmar de Bravo'),
(1565, 21, 'Pantepec'),
(1566, 21, 'Petlalcingo'),
(1567, 21, 'Piaxtla'),
(1568, 21, 'Puebla'),
(1569, 21, 'Quecholac'),
(1570, 21, 'Quimixtlán'),
(1571, 21, 'Rafael Lara Grajales'),
(1572, 21, 'Los Reyes de Juárez'),
(1573, 21, 'San Andrés Cholula'),
(1574, 21, 'San Antonio Cañada'),
(1575, 21, 'San Diego La Mesa Tochimiltzingo'),
(1576, 21, 'San Felipe Teotlalcingo'),
(1577, 21, 'San Felipe Tepatlán'),
(1578, 21, 'San Gabriel Chilac'),
(1579, 21, 'San Gregorio Atzompa'),
(1580, 21, 'San Jerónimo Tecuanipan'),
(1581, 21, 'San Jerónimo Xayacatlán'),
(1582, 21, 'San José Chiapa'),
(1583, 21, 'San José Miahuatlán'),
(1584, 21, 'San Juan Atenco'),
(1585, 21, 'San Juan Atzompa'),
(1586, 21, 'San Martín Texmelucan'),
(1587, 21, 'San Martín Totoltepec'),
(1588, 21, 'San Matías Tlalancaleca'),
(1589, 21, 'San Miguel Ixitlán'),
(1590, 21, 'San Miguel Xoxtla'),
(1591, 21, 'San Nicolás Buenos Aires'),
(1592, 21, 'San Nicolás de los Ranchos'),
(1593, 21, 'San Pablo Anicano'),
(1594, 21, 'San Pedro Cholula'),
(1595, 21, 'San Pedro Yeloixtlahuaca'),
(1596, 21, 'San Salvador el Seco'),
(1597, 21, 'San Salvador el Verde'),
(1598, 21, 'San Salvador Huixcolotla'),
(1599, 21, 'San Sebastián Tlacotepec'),
(1600, 21, 'Santa Catarina Tlaltempan'),
(1601, 21, 'Santa Inés Ahuatempan'),
(1602, 21, 'Santa Isabel Cholula'),
(1603, 21, 'Santiago Muahuatlán'),
(1604, 21, 'Huehuetlán el Grande'),
(1605, 21, 'Santo Tomás Hueyotlipan'),
(1606, 21, 'Soltepec'),
(1607, 21, 'Tecali de Herrera'),
(1608, 21, 'Tecamachalco'),
(1609, 21, 'Tecomatlán'),
(1610, 21, 'Tehuacán'),
(1611, 21, 'Tehuitzingo'),
(1612, 21, 'Tenampulco'),
(1613, 21, 'Teopantlán'),
(1614, 21, 'Teotlalco'),
(1615, 21, 'Tepanco de López'),
(1616, 21, 'Tepango de Rodríguez'),
(1617, 21, 'Tepatlaxco de Hidalgo'),
(1618, 21, 'Tepeaca'),
(1619, 21, 'Tepemaxalco'),
(1620, 21, 'Tepeojuma'),
(1621, 21, 'Tepetzintla'),
(1622, 21, 'Tepexco'),
(1623, 21, 'Tepexi de Rodríguez'),
(1624, 21, 'Tepeyahualco'),
(1625, 21, 'Tepeyahualco de Cuauhtémoc'),
(1626, 21, 'Tetela de Ocampo'),
(1627, 21, 'Teteles de Ávila Castillo'),
(1628, 21, 'Teziutlán'),
(1629, 21, 'Tianguismanalco'),
(1630, 21, 'Tilapa'),
(1631, 21, 'Tlachichuca'),
(1632, 21, 'Tlacotepec de Benito Juárez'),
(1633, 21, 'Tlacuilotepec'),
(1634, 21, 'Tlahuapan'),
(1635, 21, 'Tlaltenango'),
(1636, 21, 'Tlanepantla'),
(1637, 21, 'Tlaola'),
(1638, 21, 'Tlapacoya'),
(1639, 21, 'Tlapanalá'),
(1640, 21, 'Tlatlauquitepec'),
(1641, 21, 'Tlaxco'),
(1642, 21, 'Tochimilco'),
(1643, 21, 'Tochtepec'),
(1644, 21, 'Totoltepec de Guerrero'),
(1645, 21, 'Tulcingo'),
(1646, 21, 'Tuzamapan de Galeana'),
(1647, 21, 'Tzicatlacoyan'),
(1648, 21, 'Venustiano Carranza'),
(1649, 21, 'Vicente Guerrero'),
(1650, 21, 'Xayacatlán de Bravo'),
(1651, 21, 'Xicotepec'),
(1652, 21, 'Xicotlán'),
(1653, 21, 'Xiutetelco'),
(1654, 21, 'Xochiapulco'),
(1655, 21, 'Xochiltepec'),
(1656, 21, 'Xochitlán de Vicente Suárez'),
(1657, 21, 'Xochitlán Todos Santos'),
(1658, 21, 'Yaonáhuac'),
(1659, 21, 'Yehualtepec'),
(1660, 21, 'Zacapala'),
(1661, 21, 'Zacapoaxtla'),
(1662, 21, 'Zacatlán'),
(1663, 21, 'Zapotitlán'),
(1664, 21, 'Zapotitlán de Méndez'),
(1665, 21, 'Zaragoza'),
(1666, 21, 'Zautla'),
(1667, 21, 'Zihuateutla'),
(1668, 21, 'Zinacatepec'),
(1669, 21, 'Zongozotla'),
(1670, 21, 'Zoquiapan'),
(1671, 21, 'Zoquitlán'),
(1672, 22, 'Amealco de Bonfil'),
(1673, 22, 'Pinal de Amoles'),
(1674, 22, 'Arroyo Seco'),
(1675, 22, 'Cadereyta de Montes'),
(1676, 22, 'Colón'),
(1677, 22, 'Corregidora'),
(1678, 22, 'Ezequiel Montes'),
(1679, 22, 'Huimilpan'),
(1680, 22, 'Jalpan de Serra'),
(1681, 22, 'Landa de Matamoros'),
(1682, 22, 'El Marqués'),
(1683, 22, 'Pedro Escobedo'),
(1684, 22, 'Peñamiller'),
(1685, 22, 'Querétaro'),
(1686, 22, 'San Joaquín'),
(1687, 22, 'San Juan del Río'),
(1688, 22, 'Tequisquiapan'),
(1689, 22, 'Tolimán'),
(1690, 23, 'Cozumel'),
(1691, 23, 'Felipe Carrillo Puerto'),
(1692, 23, 'Isla Mujeres'),
(1693, 23, 'Othón P. Blanco'),
(1694, 23, 'Benito Juárez'),
(1695, 23, 'José María Morelos'),
(1696, 23, 'Lázaro Cárdenas'),
(1697, 23, 'Solidaridad'),
(1698, 23, 'Tulum'),
(1699, 23, 'Bacalar'),
(1700, 24, 'Ahualulco'),
(1701, 24, 'Alaquines'),
(1702, 24, 'Aquismón'),
(1703, 24, 'Armadillo de los Infante'),
(1704, 24, 'Cárdenas'),
(1705, 24, 'Catorce'),
(1706, 24, 'Cedral'),
(1707, 24, 'Cerritos'),
(1708, 24, 'Cerro de San Pedro'),
(1709, 24, 'Ciudad del Maíz'),
(1710, 24, 'Ciudad Fernández'),
(1711, 24, 'Tancanhuitz'),
(1712, 24, 'Ciudad Valles'),
(1713, 24, 'Coxcatlán'),
(1714, 24, 'Charcas'),
(1715, 24, 'Ébano'),
(1716, 24, 'Guadalcázar'),
(1717, 24, 'Huehuetlán'),
(1718, 24, 'Lagunillas'),
(1719, 24, 'Matehuala'),
(1720, 24, 'Mexquitic de Carmona'),
(1721, 24, 'Moctezuma'),
(1722, 24, 'Rayón'),
(1723, 24, 'Rioverde'),
(1724, 24, 'Salinas'),
(1725, 24, 'San Antonio'),
(1726, 24, 'San Ciro de Acosta'),
(1727, 24, 'San Luis Potosí'),
(1728, 24, 'San Martín Chalchicuautla'),
(1729, 24, 'San Nicolás Tolentino'),
(1730, 24, 'Santa Catarina'),
(1731, 24, 'Santa María del Río'),
(1732, 24, 'Santo Domingo'),
(1733, 24, 'San Vicente Tancuayalab'),
(1734, 24, 'Soledad de Graciano Sánchez'),
(1735, 24, 'Tamasopo'),
(1736, 24, 'Tamazunchale'),
(1737, 24, 'Tampacán'),
(1738, 24, 'Tampamolón Corona'),
(1739, 24, 'Tamuín'),
(1740, 24, 'Tanlajás'),
(1741, 24, 'Tanquián de Escobedo'),
(1742, 24, 'Tierra Nueva'),
(1743, 24, 'Vanegas'),
(1744, 24, 'Venado'),
(1745, 24, 'Villa de Arriaga'),
(1746, 24, 'Villa de Guadalupe'),
(1747, 24, 'Villa de la Paz'),
(1748, 24, 'Villa de Ramos'),
(1749, 24, 'Villa de Reyes'),
(1750, 24, 'Villa Hidalgo'),
(1751, 24, 'Villa Juárez'),
(1752, 24, 'Axtla de Terrazas'),
(1753, 24, 'Xilitla'),
(1754, 24, 'Zaragoza'),
(1755, 24, 'Villa de Arista'),
(1756, 24, 'Matlapa'),
(1757, 24, 'El Naranjo'),
(1758, 25, 'Ahome'),
(1759, 25, 'Angostura'),
(1760, 25, 'Badiraguato'),
(1761, 25, 'Concordia'),
(1762, 25, 'Cosalá'),
(1763, 25, 'Culiacán'),
(1764, 25, 'Choix'),
(1765, 25, 'Elota'),
(1766, 25, 'Escuinapa'),
(1767, 25, 'El Fuerte'),
(1768, 25, 'Guasave'),
(1769, 25, 'Mazatlán'),
(1770, 25, 'Mocorito'),
(1771, 25, 'Rosario'),
(1772, 25, 'Salvador Alvarado'),
(1773, 25, 'San Ignacio'),
(1774, 25, 'Sinaloa'),
(1775, 25, 'Navolato'),
(1776, 26, 'Aconchi'),
(1777, 26, 'Agua Prieta'),
(1778, 26, 'Álamos'),
(1779, 26, 'Altar'),
(1780, 26, 'Arivechi'),
(1781, 26, 'Arizpe'),
(1782, 26, 'Atil'),
(1783, 26, 'Bacadéhuachi'),
(1784, 26, 'Bacanora'),
(1785, 26, 'Bacerac'),
(1786, 26, 'Bacoachi'),
(1787, 26, 'Bácum'),
(1788, 26, 'Banámichi'),
(1789, 26, 'Baviácora'),
(1790, 26, 'Bavispe'),
(1791, 26, 'Benjamín Hill'),
(1792, 26, 'Caborca'),
(1793, 26, 'Cajeme'),
(1794, 26, 'Cananea'),
(1795, 26, 'Carbó'),
(1796, 26, 'La Colorada'),
(1797, 26, 'Cucurpe'),
(1798, 26, 'Cumpas'),
(1799, 26, 'Divisaderos'),
(1800, 26, 'Empalme'),
(1801, 26, 'Etchojoa'),
(1802, 26, 'Fronteras'),
(1803, 26, 'Granados'),
(1804, 26, 'Guaymas'),
(1805, 26, 'Hermosillo');
INSERT INTO `municipio` (`id`, `idEstado`, `nombre`) VALUES
(1806, 26, 'Huachinera'),
(1807, 26, 'Huásabas'),
(1808, 26, 'Huatabampo'),
(1809, 26, 'Huépac'),
(1810, 26, 'Imuris'),
(1811, 26, 'Magdalena'),
(1812, 26, 'Mazatán'),
(1813, 26, 'Moctezuma'),
(1814, 26, 'Naco'),
(1815, 26, 'Nácori Chico'),
(1816, 26, 'Nacozari'),
(1817, 26, 'Navojoa'),
(1818, 26, 'Nogales'),
(1819, 26, 'Onavas'),
(1820, 26, 'Opodepe'),
(1821, 26, 'Oquitoa'),
(1822, 26, 'Pitiquito'),
(1823, 26, 'Puerto Peñasco'),
(1824, 26, 'Quiriego'),
(1825, 26, 'Rayón'),
(1826, 26, 'Rosario'),
(1827, 26, 'Sahuaripa'),
(1828, 26, 'San Felipe de Jesús'),
(1829, 26, 'San Javier'),
(1830, 26, 'San Luis Río Colorado'),
(1831, 26, 'San Miguel de Horcasitas'),
(1832, 26, 'San Pedro de la Cueva'),
(1833, 26, 'Santa Ana'),
(1834, 26, 'Santa Cruz'),
(1835, 26, 'Sáric'),
(1836, 26, 'Soyopa'),
(1837, 26, 'Suaqui Grande'),
(1838, 26, 'Tepache'),
(1839, 26, 'Trincheras'),
(1840, 26, 'Tubutama'),
(1841, 26, 'Ures'),
(1842, 26, 'Villa Hidalgo'),
(1843, 26, 'Villa Pesqueira'),
(1844, 26, 'Yécora'),
(1845, 26, 'General Plutarco Elías Calles'),
(1846, 26, 'Benito Juárez'),
(1847, 26, 'San Ignacio Río Muerto'),
(1848, 27, 'Balancán'),
(1849, 27, 'Cárdenas'),
(1850, 27, 'Centla'),
(1851, 27, 'Centro'),
(1852, 27, 'Comalcalco'),
(1853, 27, 'Cunduacán'),
(1854, 27, 'Emiliano Zapata'),
(1855, 27, 'Huimanguillo'),
(1856, 27, 'Jalapa'),
(1857, 27, 'Jalpa de Méndez'),
(1858, 27, 'Jonuta'),
(1859, 27, 'Macuspana'),
(1860, 27, 'Nacajuca'),
(1861, 27, 'Paraíso'),
(1862, 27, 'Tacotalpa'),
(1863, 27, 'Teapa'),
(1864, 27, 'Tenosique'),
(1865, 28, 'Abasolo'),
(1866, 28, 'Aldama'),
(1867, 28, 'Altamira'),
(1868, 28, 'Antiguo Morelos'),
(1869, 28, 'Burgos'),
(1870, 28, 'Bustamante'),
(1871, 28, 'Camargo'),
(1872, 28, 'Casas'),
(1873, 28, 'Ciudad Madero'),
(1874, 28, 'Cruillas'),
(1875, 28, 'Gómez Farías'),
(1876, 28, 'González'),
(1877, 28, 'Güémez'),
(1878, 28, 'Guerrero'),
(1879, 28, 'Gustavo Díaz Ordáz'),
(1880, 28, 'Hidalgo'),
(1881, 28, 'Jaumave'),
(1882, 28, 'Jiménez'),
(1883, 28, 'Llera'),
(1884, 28, 'Mainero'),
(1885, 28, 'El Mante'),
(1886, 28, 'Matamoros'),
(1887, 28, 'Méndez'),
(1888, 28, 'Mier'),
(1889, 28, 'Miguel Alemán'),
(1890, 28, 'Miquihuana'),
(1891, 28, 'Nuevo Laredo'),
(1892, 28, 'Nuevo Morelos'),
(1893, 28, 'Ocampo'),
(1894, 28, 'Padilla'),
(1895, 28, 'Palmillas'),
(1896, 28, 'Reynosa'),
(1897, 28, 'Río Bravo'),
(1898, 28, 'San Carlos'),
(1899, 28, 'San Fernando'),
(1900, 28, 'San Nicolás'),
(1901, 28, 'Soto la Marina'),
(1902, 28, 'Tampico'),
(1903, 28, 'Tula'),
(1904, 28, 'Valle Hermoso'),
(1905, 28, 'Victoria'),
(1906, 28, 'Villagrán'),
(1907, 28, 'Xicoténcatl'),
(1908, 29, 'Amaxac de Guerrero'),
(1909, 29, 'Apetatitlán de Antonio Carvajal'),
(1910, 29, 'Atlangatepec'),
(1911, 29, 'Altzayanca'),
(1912, 29, 'Apizaco'),
(1913, 29, 'Calpulalpan'),
(1914, 29, 'El Carmen Tequexquitla'),
(1915, 29, 'Cuapiaxtla'),
(1916, 29, 'Cuaxomulco'),
(1917, 29, 'Chiautempan'),
(1918, 29, 'Muñoz de Domingo Arenas'),
(1919, 29, 'Españita'),
(1920, 29, 'Huamantla'),
(1921, 29, 'Hueyotilpan'),
(1922, 29, 'Ixtacuixtla de Mariano Matamoros'),
(1923, 29, 'Ixtenco'),
(1924, 29, 'Mazatecochco de José María Morelos'),
(1925, 29, 'Contla de Juan Cuamatzi'),
(1926, 29, 'Tepetitla de Lardizábal'),
(1927, 29, 'Sanctórum de Lázaro Cárdenas'),
(1928, 29, 'Nanacamilpa de Mariano Arista'),
(1929, 29, 'Acuamanala de Miguel Hidalgo'),
(1930, 29, 'Natívitas'),
(1931, 29, 'Panotla'),
(1932, 29, 'San Pablo del Monte'),
(1933, 29, 'Santa Cruz Tlaxcala'),
(1934, 29, 'Tenancingo'),
(1935, 29, 'Teolocholco'),
(1936, 29, 'Tepeyanco'),
(1937, 29, 'Terrenate'),
(1938, 29, 'Tetla de la Solidaridad'),
(1939, 29, 'Tetlatlahuca'),
(1940, 29, 'Tlaxcala'),
(1941, 29, 'Tlaxco'),
(1942, 29, 'Tocatlán'),
(1943, 29, 'Totolac'),
(1944, 29, 'Zitlaltepec de Trinidad Sánchez Santos'),
(1945, 29, 'Tzompantepec'),
(1946, 29, 'Xalostoc'),
(1947, 29, 'Xaltocan'),
(1948, 29, 'Papalotla de Xicohténcatl'),
(1949, 29, 'Xicohtzinco'),
(1950, 29, 'Yauhquemecan'),
(1951, 29, 'Zacatelco'),
(1952, 29, 'Benito Juárez'),
(1953, 29, 'Emiliano Zapata'),
(1954, 29, 'Lázaro Cárdenas'),
(1955, 29, 'La Magdalena Tlaltelulco'),
(1956, 29, 'San Damián Texoloc'),
(1957, 29, 'San Francisco Tetlanohcan'),
(1958, 29, 'San Jerónimo Zacualpan'),
(1959, 29, 'San José Teacalco'),
(1960, 29, 'San Juan Huactzingo'),
(1961, 29, 'San Lorenzo Axocomanitla'),
(1962, 29, 'San Lucas Tecopilco'),
(1963, 29, 'Santa Ana Nopalucan'),
(1964, 29, 'Santa Apolonia Teacalco'),
(1965, 29, 'Santa Catarina Ayometla'),
(1966, 29, 'Santa Cruz Quilehtla'),
(1967, 29, 'Santa Isabel Xiloxoxtla'),
(1968, 30, 'Acajete'),
(1969, 30, 'Acatlán'),
(1970, 30, 'Acayucan'),
(1971, 30, 'Actopan'),
(1972, 30, 'Acula'),
(1973, 30, 'Acultzingo'),
(1974, 30, 'Camarón de Tejeda'),
(1975, 30, 'Alpatláhuac'),
(1976, 30, 'Alto Lucero de Gutiérrez Barrios'),
(1977, 30, 'Altotonga'),
(1978, 30, 'Alvarado'),
(1979, 30, 'Amatitlán'),
(1980, 30, 'Naranjos Amatlán'),
(1981, 30, 'Amatlán de los Reyes'),
(1982, 30, 'Ángel R. Cabada'),
(1983, 30, 'La Antigua'),
(1984, 30, 'Apazapan'),
(1985, 30, 'Aquila'),
(1986, 30, 'Astacinga'),
(1987, 30, 'Atlahuilco'),
(1988, 30, 'Atoyac'),
(1989, 30, 'Atzacan'),
(1990, 30, 'Atzalan'),
(1991, 30, 'Tlaltetela'),
(1992, 30, 'Ayahualulco'),
(1993, 30, 'Banderilla'),
(1994, 30, 'Benito Juárez'),
(1995, 30, 'Boca del Río'),
(1996, 30, 'Calcahualco'),
(1997, 30, 'Camerino Z. Mendoza'),
(1998, 30, 'Carrillo Puerto'),
(1999, 30, 'Catemaco'),
(2000, 30, 'Cazones de Herrera'),
(2001, 30, 'Cerro Azul'),
(2002, 30, 'Citlaltépetl'),
(2003, 30, 'Coacoatzintla'),
(2004, 30, 'Coahuitlán'),
(2005, 30, 'Coatepec'),
(2006, 30, 'Coatzacoalcos'),
(2007, 30, 'Coatzintla'),
(2008, 30, 'Coetzala'),
(2009, 30, 'Colipa'),
(2010, 30, 'Comapa'),
(2011, 30, 'Córdoba'),
(2012, 30, 'Cosamaloapan de Carpio'),
(2013, 30, 'Cosautlán de Carvajal'),
(2014, 30, 'Coscomatepec'),
(2015, 30, 'Cosoleacaque'),
(2016, 30, 'Cotaxtla'),
(2017, 30, 'Coxquihui'),
(2018, 30, 'Coyutla'),
(2019, 30, 'Cuichapa'),
(2020, 30, 'Cuitláhuac'),
(2021, 30, 'Chacaltianguis'),
(2022, 30, 'Chalma'),
(2023, 30, 'Chiconamel'),
(2024, 30, 'Chiconquiaco'),
(2025, 30, 'Chicontepec'),
(2026, 30, 'Chinameca'),
(2027, 30, 'Chinampa de Gorostiza'),
(2028, 30, 'Las Choapas'),
(2029, 30, 'Chocamán'),
(2030, 30, 'Chontla'),
(2031, 30, 'Chumatlán'),
(2032, 30, 'Emiliano Zapata'),
(2033, 30, 'Espinal'),
(2034, 30, 'Filomeno Mata'),
(2035, 30, 'Fortín'),
(2036, 30, 'Gutiérrez Zamora'),
(2037, 30, 'Hidalgotitlán'),
(2038, 30, 'Huatusco'),
(2039, 30, 'Huayacocotla'),
(2040, 30, 'Hueyapan de Ocampo'),
(2041, 30, 'Huiloapan de Cuauhtémoc'),
(2042, 30, 'Ignacio de la Llave'),
(2043, 30, 'Ilamatlán'),
(2044, 30, 'Isla'),
(2045, 30, 'Ixcatepec'),
(2046, 30, 'Ixhuacán de los Reyes'),
(2047, 30, 'Ixhuatlán del Café'),
(2048, 30, 'Ixhuatlancillo'),
(2049, 30, 'Ixhuatlán del Sureste'),
(2050, 30, 'Ixhuatlán de Madero'),
(2051, 30, 'Ixmatlahuacan'),
(2052, 30, 'Ixtaczoquitlán'),
(2053, 30, 'Jalacingo'),
(2054, 30, 'Xalapa'),
(2055, 30, 'Jalcomulco'),
(2056, 30, 'Jáltipan'),
(2057, 30, 'Jamapa'),
(2058, 30, 'Jesús Carranza'),
(2059, 30, 'Xico'),
(2060, 30, 'Jilotepec'),
(2061, 30, 'Juan Rodríguez Clara'),
(2062, 30, 'Juchique de Ferrer'),
(2063, 30, 'Landero y Coss'),
(2064, 30, 'Lerdo de Tejada'),
(2065, 30, 'Magdalena'),
(2066, 30, 'Maltrata'),
(2067, 30, 'Manlio Fabio Altamirano'),
(2068, 30, 'Mariano Escobedo'),
(2069, 30, 'Martínez de la Torre'),
(2070, 30, 'Mecatlán'),
(2071, 30, 'Mecayapan'),
(2072, 30, 'Medellín'),
(2073, 30, 'Miahuatlán'),
(2074, 30, 'Las Minas'),
(2075, 30, 'Minatitlán'),
(2076, 30, 'Misantla'),
(2077, 30, 'Mixtla de Altamirano'),
(2078, 30, 'Moloacán'),
(2079, 30, 'Naolinco'),
(2080, 30, 'Naranjal'),
(2081, 30, 'Nautla'),
(2082, 30, 'Nogales'),
(2083, 30, 'Oluta'),
(2084, 30, 'Omealca'),
(2085, 30, 'Orizaba'),
(2086, 30, 'Otatitlán'),
(2087, 30, 'Oteapan'),
(2088, 30, 'Ozuluama de Mascareñas'),
(2089, 30, 'Pajapan'),
(2090, 30, 'Pánuco'),
(2091, 30, 'Papantla'),
(2092, 30, 'Paso del Macho'),
(2093, 30, 'Paso de Ovejas'),
(2094, 30, 'La Perla'),
(2095, 30, 'Perote'),
(2096, 30, 'Platón Sánchez'),
(2097, 30, 'Playa Vicente'),
(2098, 30, 'Poza Rica de Hidalgo'),
(2099, 30, 'Las Vigas de Ramírez'),
(2100, 30, 'Pueblo Viejo'),
(2101, 30, 'Puente Nacional'),
(2102, 30, 'Rafael Delgado'),
(2103, 30, 'Rafael Lucio'),
(2104, 30, 'Los Reyes'),
(2105, 30, 'Río Blanco'),
(2106, 30, 'Saltabarranca'),
(2107, 30, 'San Andrés Tenejapan'),
(2108, 30, 'San Andrés Tuxtla'),
(2109, 30, 'San Juan Evangelista'),
(2110, 30, 'Santiago Tuxtla'),
(2111, 30, 'Sayula de Alemán'),
(2112, 30, 'Soconusco'),
(2113, 30, 'Sochiapa'),
(2114, 30, 'Soledad Atzompa'),
(2115, 30, 'Soledad de Doblado'),
(2116, 30, 'Soteapan'),
(2117, 30, 'Tamalín'),
(2118, 30, 'Tamiahua'),
(2119, 30, 'Tampico Alto'),
(2120, 30, 'Tancoco'),
(2121, 30, 'Tantima'),
(2122, 30, 'Tantoyuca'),
(2123, 30, 'Tatatila'),
(2124, 30, 'Castillo de Teayo'),
(2125, 30, 'Tecolutla'),
(2126, 30, 'Tehuipango'),
(2127, 30, 'Temapache'),
(2128, 30, 'Tempoal'),
(2129, 30, 'Tenampa'),
(2130, 30, 'Tenochtitlán'),
(2131, 30, 'Teocelo'),
(2132, 30, 'Tepatlaxco'),
(2133, 30, 'Tepetlán'),
(2134, 30, 'Tepetzintla'),
(2135, 30, 'Tequila'),
(2136, 30, 'José Azueta'),
(2137, 30, 'Texcatepec'),
(2138, 30, 'Texhuacán'),
(2139, 30, 'Texistepec'),
(2140, 30, 'Tezonapa'),
(2141, 30, 'Tierra Blanca'),
(2142, 30, 'Tihuatlán'),
(2143, 30, 'Tlacojalpan'),
(2144, 30, 'Tlacolulan'),
(2145, 30, 'Tlacotalpan'),
(2146, 30, 'Tlacotepec de Mejía'),
(2147, 30, 'Tlachichilco'),
(2148, 30, 'Tlalixcoyan'),
(2149, 30, 'Tlalnelhuayocan'),
(2150, 30, 'Tlapacoyan'),
(2151, 30, 'Tlaquilpa'),
(2152, 30, 'Tlilapan'),
(2153, 30, 'Tomatlán'),
(2154, 30, 'Tonayán'),
(2155, 30, 'Totutla'),
(2156, 30, 'Túxpam'),
(2157, 30, 'Tuxtilla'),
(2158, 30, 'Úrsulo Galván'),
(2159, 30, 'Vega de Alatorre'),
(2160, 30, 'Veracruz'),
(2161, 30, 'Villa Aldama'),
(2162, 30, 'Xoxocotla'),
(2163, 30, 'Yanga'),
(2164, 30, 'Yecuatla'),
(2165, 30, 'Zacualpan'),
(2166, 30, 'Zaragoza'),
(2167, 30, 'Zentla'),
(2168, 30, 'Zongolica'),
(2169, 30, 'Zontecomatlán de López y Fuentes'),
(2170, 30, 'Zozocolco de Hidalgo'),
(2171, 30, 'Agua Dulce'),
(2172, 30, 'El Higo'),
(2173, 30, 'Nanchital de Lázaro Cárdenas del Río'),
(2174, 30, 'Tres Valles'),
(2175, 30, 'Carlos A. Carrillo'),
(2176, 30, 'Tatahuicapan de Juárez'),
(2177, 30, 'Uxpanapa'),
(2178, 30, 'San Rafael'),
(2179, 30, 'Santiago Sochiapan'),
(2180, 31, 'Abalá'),
(2181, 31, 'Acanceh'),
(2182, 31, 'Akil'),
(2183, 31, 'Baca'),
(2184, 31, 'Bokobá'),
(2185, 31, 'Buctzotz'),
(2186, 31, 'Cacalchén'),
(2187, 31, 'Calotmul'),
(2188, 31, 'Cansahcab'),
(2189, 31, 'Cantamayec'),
(2190, 31, 'Celestún'),
(2191, 31, 'Cenotillo'),
(2192, 31, 'Conkal'),
(2193, 31, 'Cuncunul'),
(2194, 31, 'Cuzamá'),
(2195, 31, 'Chacsinkín'),
(2196, 31, 'Chankom'),
(2197, 31, 'Chapab'),
(2198, 31, 'Chemax'),
(2199, 31, 'Chicxulub Pueblo'),
(2200, 31, 'Chichimilá'),
(2201, 31, 'Chikindzonot'),
(2202, 31, 'Chocholá'),
(2203, 31, 'Chumayel'),
(2204, 31, 'Dzan'),
(2205, 31, 'Dzemul'),
(2206, 31, 'Dzidzantún'),
(2207, 31, 'Dzilam de Bravo'),
(2208, 31, 'Dzilam González'),
(2209, 31, 'Dzitás'),
(2210, 31, 'Dzoncauich'),
(2211, 31, 'Espita'),
(2212, 31, 'Halachó'),
(2213, 31, 'Hocabá'),
(2214, 31, 'Hoctún'),
(2215, 31, 'Homún'),
(2216, 31, 'Huhí'),
(2217, 31, 'Hunucmá'),
(2218, 31, 'Ixil'),
(2219, 31, 'Izamal'),
(2220, 31, 'Kanasín'),
(2221, 31, 'Kantunil'),
(2222, 31, 'Kaua'),
(2223, 31, 'Kinchil'),
(2224, 31, 'Kopomá'),
(2225, 31, 'Mama'),
(2226, 31, 'Maní'),
(2227, 31, 'Maxcanú'),
(2228, 31, 'Mayapán'),
(2229, 31, 'Mérida'),
(2230, 31, 'Mocochá'),
(2231, 31, 'Motul'),
(2232, 31, 'Muna'),
(2233, 31, 'Muxupip'),
(2234, 31, 'Opichén'),
(2235, 31, 'Oxkutzcab'),
(2236, 31, 'Panabá'),
(2237, 31, 'Peto'),
(2238, 31, 'Progreso'),
(2239, 31, 'Quintana Roo'),
(2240, 31, 'Río Lagartos'),
(2241, 31, 'Sacalum'),
(2242, 31, 'Samahil'),
(2243, 31, 'Sanahcat'),
(2244, 31, 'San Felipe'),
(2245, 31, 'Santa Elena'),
(2246, 31, 'Seyé'),
(2247, 31, 'Sinanché'),
(2248, 31, 'Sotuta'),
(2249, 31, 'Sucilá'),
(2250, 31, 'Sudzal'),
(2251, 31, 'Suma'),
(2252, 31, 'Tahdziú'),
(2253, 31, 'Tahmek'),
(2254, 31, 'Teabo'),
(2255, 31, 'Tecoh'),
(2256, 31, 'Tekal de Venegas'),
(2257, 31, 'Tekantó'),
(2258, 31, 'Tekax'),
(2259, 31, 'Tekit'),
(2260, 31, 'Tekom'),
(2261, 31, 'Telchac Pueblo'),
(2262, 31, 'Telchac Puerto'),
(2263, 31, 'Temax'),
(2264, 31, 'Temozón'),
(2265, 31, 'Tepakán'),
(2266, 31, 'Tetiz'),
(2267, 31, 'Teya'),
(2268, 31, 'Ticul'),
(2269, 31, 'Timucuy'),
(2270, 31, 'Tinum'),
(2271, 31, 'Tixcacalcupul'),
(2272, 31, 'Tixkokob'),
(2273, 31, 'Tixméhuac'),
(2274, 31, 'Tixpéhual'),
(2275, 31, 'Tizimín'),
(2276, 31, 'Tunkás'),
(2277, 31, 'Tzucacab'),
(2278, 31, 'Uayma'),
(2279, 31, 'Ucú'),
(2280, 31, 'Umán'),
(2281, 31, 'Valladolid'),
(2282, 31, 'Xocchel'),
(2283, 31, 'Yaxcabá'),
(2284, 31, 'Yaxkukul'),
(2285, 31, 'Yobaín'),
(2286, 32, 'Apozol'),
(2287, 32, 'Apulco'),
(2288, 32, 'Atolinga'),
(2289, 32, 'Benito Juárez'),
(2290, 32, 'Calera'),
(2291, 32, 'Cañitas de Felipe Pescador'),
(2292, 32, 'Concepción del Oro'),
(2293, 32, 'Cuauhtémoc'),
(2294, 32, 'Chalchihuites'),
(2295, 32, 'Fresnillo'),
(2296, 32, 'Trinidad García de la Cadena'),
(2297, 32, 'Genaro Codina'),
(2298, 32, 'General Enrique Estrada'),
(2299, 32, 'General Francisco R. Murguía'),
(2300, 32, 'El Plateado de Joaquín Amaro'),
(2301, 32, 'General Pánfilo Natera'),
(2302, 32, 'Guadalupe'),
(2303, 32, 'Huanusco'),
(2304, 32, 'Jalpa'),
(2305, 32, 'Jerez'),
(2306, 32, 'Jiménez del Teul'),
(2307, 32, 'Juan Aldama'),
(2308, 32, 'Juchipila'),
(2309, 32, 'Loreto'),
(2310, 32, 'Luis Moya'),
(2311, 32, 'Mazapil'),
(2312, 32, 'Melchor Ocampo'),
(2313, 32, 'Mezquital del Oro'),
(2314, 32, 'Miguel Auza'),
(2315, 32, 'Momax'),
(2316, 32, 'Monte Escobedo'),
(2317, 32, 'Morelos'),
(2318, 32, 'Moyahua de Estrada'),
(2319, 32, 'Nochistlán de Mejía'),
(2320, 32, 'Noria de Ángeles'),
(2321, 32, 'Ojocaliente'),
(2322, 32, 'Pánuco'),
(2323, 32, 'Pinos'),
(2324, 32, 'Río Grande'),
(2325, 32, 'Saín Alto'),
(2326, 32, 'El Salvador'),
(2327, 32, 'Sombrerete'),
(2328, 32, 'Susticacán'),
(2329, 32, 'Tabasco'),
(2330, 32, 'Tepechitlán'),
(2331, 32, 'Tepetongo'),
(2332, 32, 'Teul de González Ortega'),
(2333, 32, 'Tlaltenango de Sánchez Román'),
(2334, 32, 'Valparaíso'),
(2335, 32, 'Vetagrande'),
(2336, 32, 'Villa de Cos'),
(2337, 32, 'Villa García'),
(2338, 32, 'Villa González Ortega'),
(2339, 32, 'Villa Hidalgo'),
(2340, 32, 'Villanueva'),
(2341, 32, 'Zacatecas'),
(2342, 32, 'Trancoso'),
(2343, 32, 'Santa María de la Paz'),
(2344, 26, 'Ciudad Obregón');

-- --------------------------------------------------------

--
-- Estructura de tabla para la tabla `po_aclaracion`
--

CREATE TABLE `po_aclaracion` (
  `idPog` int(11) NOT NULL,
  `idEmpleado` int(11) NOT NULL
) ENGINE=InnoDB DEFAULT CHARSET=utf8 COLLATE=utf8_spanish_ci;

--
-- Volcado de datos para la tabla `po_aclaracion`
--

INSERT INTO `po_aclaracion` (`idPog`, `idEmpleado`) VALUES
(1, 1),
(1, 2),
(2, 1),
(2, 2),
(3, 1),
(3, 2);

-- --------------------------------------------------------

--
-- Estructura de tabla para la tabla `po_acuse`
--

CREATE TABLE `po_acuse` (
  `idPog` int(11) NOT NULL,
  `idEmpleado` int(11) NOT NULL
) ENGINE=InnoDB DEFAULT CHARSET=utf8 COLLATE=utf8_spanish_ci;

--
-- Volcado de datos para la tabla `po_acuse`
--

INSERT INTO `po_acuse` (`idPog`, `idEmpleado`) VALUES
(1, 1),
(1, 2),
(2, 1),
(2, 2),
(3, 1),
(3, 2);

-- --------------------------------------------------------

--
-- Estructura de tabla para la tabla `po_consideracion`
--

CREATE TABLE `po_consideracion` (
  `id` int(11) NOT NULL,
  `idpog` int(11) NOT NULL,
  `fc1` varchar(500) COLLATE utf8_spanish_ci NOT NULL,
  `fc2` varchar(500) COLLATE utf8_spanish_ci NOT NULL,
  `fc3` varchar(500) COLLATE utf8_spanish_ci NOT NULL,
  `fc4` varchar(500) COLLATE utf8_spanish_ci NOT NULL,
  `fc5` varchar(500) COLLATE utf8_spanish_ci NOT NULL,
  `fc6` varchar(500) COLLATE utf8_spanish_ci NOT NULL,
  `fc7` varchar(500) COLLATE utf8_spanish_ci NOT NULL,
  `fc8` varchar(500) COLLATE utf8_spanish_ci NOT NULL,
  `fc9` varchar(500) COLLATE utf8_spanish_ci NOT NULL,
  `fc10` varchar(500) COLLATE utf8_spanish_ci NOT NULL,
  `fc11` varchar(500) COLLATE utf8_spanish_ci NOT NULL,
  `fc12` varchar(500) COLLATE utf8_spanish_ci NOT NULL,
  `fc13` varchar(500) COLLATE utf8_spanish_ci NOT NULL,
  `fc14` varchar(500) COLLATE utf8_spanish_ci NOT NULL,
  `fc15` varchar(500) COLLATE utf8_spanish_ci NOT NULL,
  `fc16` varchar(500) COLLATE utf8_spanish_ci NOT NULL,
  `fc17` varchar(500) COLLATE utf8_spanish_ci NOT NULL,
  `fc18` varchar(500) COLLATE utf8_spanish_ci NOT NULL
) ENGINE=InnoDB DEFAULT CHARSET=utf8 COLLATE=utf8_spanish_ci;

--
-- Volcado de datos para la tabla `po_consideracion`
--

INSERT INTO `po_consideracion` (`id`, `idpog`, `fc1`, `fc2`, `fc3`, `fc4`, `fc5`, `fc6`, `fc7`, `fc8`, `fc9`, `fc10`, `fc11`, `fc12`, `fc13`, `fc14`, `fc15`, `fc16`, `fc17`, `fc18`) VALUES
(1, 1, '																<i>Especificaciones Técnicas ____________________</i>\r\n							', '																<i>Plazo de entrega del bien o de la prestación del servicio: será ____________________</i>\r\n							', '																<i>El lugar de entrega será ____________________</i>\r\n							', '																<i>Considerar en su cotización que el pago será de ______ días naturales a partir de la aceptación de la factura, por entrega realizada.</i>\r\n							', '																<i>Condición de los precios será: ____________</i>\r\n							', '																<i>El porcentaje de la garantía de cumplimiento que deberá aplicarse a los contratos que sean generados de los procedimientos de contratación, será del 10% y será divisible.</i>\r\n							', '																<i>La condición de los precios será variable</i>\r\n							', '																<i>Moneda a cotizar será en moneda nacional.</i>\r\n							', '																<i>Idioma de cotización: Español México</i>\r\n							', '																<i>Porcentaje de Garantía: ___________________________</i>\r\n							', '																<i>-Modalidad de Garantía: garantía de sostenimiento de oferta, de anticipo, de cumplimiento, de calidad, de los vicios ocultos, de cualquier otra responsabilidad.</i>\r\n							', '																<i>-Penas Convencionales: Por atraso en el cumplimiento de las obligaciones, 2 % diario el cual en su conjunto no podrá exceder del 30% del monto total del contrato sin incluir el IVA.</i>\r\n							', '																<i>Deducciones:___________________________________________</i>\r\n							', '																<i>Se aceptan entregas parciales y anticipadas.</i>\r\n							', '																<i>Vigencia de la Cotización 90 días</i>\r\n							', '', '', ''),
(2, 2, '																<i>Especificaciones Técnicas ____________________</i>\r\n							', '																<i>Plazo de entrega del bien o de la prestación del servicio: será ____________________</i>\r\n							', '																<i>El lugar de entrega será ____________________</i>\r\n							', '																<i>Considerar en su cotización que el pago será de ______ días naturales a partir de la aceptación de la factura, por entrega realizada.</i>\r\n							', '																<i>Condición de los precios será: ____________</i>\r\n							', '																<i>El porcentaje de la garantía de cumplimiento que deberá aplicarse a los contratos que sean generados de los procedimientos de contratación, será del 10% y será divisible.</i>\r\n							', '																<i>La condición de los precios será variable</i>\r\n							', '																<i>Moneda a cotizar será en moneda nacional.</i>\r\n							', '																<i>Idioma de cotización: Español México</i>\r\n							', '																<i>Porcentaje de Garantía: ___________________________</i>\r\n							', '																<i>-Modalidad de Garantía: garantía de sostenimiento de oferta, de anticipo, de cumplimiento, de calidad, de los vicios ocultos, de cualquier otra responsabilidad.</i>\r\n							', '																<i>-Penas Convencionales: Por atraso en el cumplimiento de las obligaciones, 2 % diario el cual en su conjunto no podrá exceder del 30% del monto total del contrato sin incluir el IVA.</i>\r\n							', '																<i>Deducciones:___________________________________________</i>\r\n							', '																<i>Se aceptan entregas parciales y anticipadas.</i>\r\n							', '																<i>Vigencia de la Cotización 90 días</i>\r\n							', '', '', ''),
(3, 3, '																<i>Especificaciones Técnicas ____________________</i>\r\n							', '																<i>Plazo de entrega del bien o de la prestación del servicio: será ____________________</i>\r\n							', '																<i>El lugar de entrega será ____________________</i>\r\n							', '																<i>Considerar en su cotización que el pago será de ______ días naturales a partir de la aceptación de la factura, por entrega realizada.</i>\r\n							', '																<i>Condición de los precios será: ____________</i>\r\n							', '																<i>El porcentaje de la garantía de cumplimiento que deberá aplicarse a los contratos que sean generados de los procedimientos de contratación, será del 10% y será divisible.</i>\r\n							', '																<i>La condición de los precios será variable</i>\r\n							', '																<i>Moneda a cotizar será en moneda nacional.</i>\r\n							', '																<i>Idioma de cotización: Español México</i>\r\n							', '																<i>Porcentaje de Garantía: ___________________________</i>\r\n							', '																<i>-Modalidad de Garantía: garantía de sostenimiento de oferta, de anticipo, de cumplimiento, de calidad, de los vicios ocultos, de cualquier otra responsabilidad.</i>\r\n							', '																<i>-Penas Convencionales: Por atraso en el cumplimiento de las obligaciones, 2 % diario el cual en su conjunto no podrá exceder del 30% del monto total del contrato sin incluir el IVA.</i>\r\n							', '																<i>Deducciones:___________________________________________</i>\r\n							', '																<i>Se aceptan entregas parciales y anticipadas.</i>\r\n							', '																<i>Vigencia de la Cotización 90 días</i>\r\n							', '', '', '');

-- --------------------------------------------------------

--
-- Estructura de tabla para la tabla `po_general`
--

CREATE TABLE `po_general` (
  `id` int(11) NOT NULL,
  `tipo` char(1) COLLATE utf8_spanish_ci NOT NULL COMMENT 'B = Bienes, S = Servicios',
  `actividad` char(1) COLLATE utf8_spanish_ci NOT NULL COMMENT 'A = Adquisición, R = Arrendamiento, S = Prestación de servicios',
  `idFamilia` int(11) DEFAULT NULL,
  `domicilio` varchar(255) COLLATE utf8_spanish_ci NOT NULL,
  `idEmpleadoResponsable` int(11) NOT NULL,
  `idEmpleadoFormula` int(11) NOT NULL,
  `fechaLimitePresentacion` date NOT NULL,
  `horaLimitePresentacion` varchar(10) COLLATE utf8_spanish_ci DEFAULT NULL,
  `ccp1` varchar(250) COLLATE utf8_spanish_ci DEFAULT NULL,
  `ccp2` varchar(250) COLLATE utf8_spanish_ci DEFAULT NULL,
  `ccp3` varchar(250) COLLATE utf8_spanish_ci DEFAULT NULL,
  `fechaElaboracion` date NOT NULL,
  `asunto` varchar(255) COLLATE utf8_spanish_ci NOT NULL,
  `idMunicipio` int(11) NOT NULL,
  `fechaUltimaModificacion` datetime NOT NULL
) ENGINE=InnoDB DEFAULT CHARSET=utf8 COLLATE=utf8_spanish_ci;

--
-- Volcado de datos para la tabla `po_general`
--

INSERT INTO `po_general` (`id`, `tipo`, `actividad`, `idFamilia`, `domicilio`, `idEmpleadoResponsable`, `idEmpleadoFormula`, `fechaLimitePresentacion`, `horaLimitePresentacion`, `ccp1`, `ccp2`, `ccp3`, `fechaElaboracion`, `asunto`, `idMunicipio`, `fechaUltimaModificacion`) VALUES
(1, 'B', 'A', 1, 'Av. Juárez esq. San Luis Potosí s/n, Col. Centro, CP 83000', 1, 2, '2017-12-27', '11:00', '', '', '', '2017-12-20', 'Petición de Ofertas de Bienes', 1805, '2017-12-20 11:58:12'),
(2, 'S', 'S', 0, 'Av. Juárez esq. San Luis Potosí s/n, Col. Centro, CP 83000', 1, 2, '2017-12-29', '11:00', '', '', '', '2017-12-22', 'Petición de Ofertas de Servicios', 1805, '2017-12-22 11:41:27'),
(3, 'B', 'A', 1, 'Av. Juárez esq. San Luis Potosí s/n, Col. Centro, CP 83000', 1, 2, '2017-12-29', '11:00', '', '', '', '2017-12-22', 'Petición de Ofertas de Bienes', 1805, '2017-12-22 12:51:56');

-- --------------------------------------------------------

--
-- Estructura de tabla para la tabla `po_numoficio`
--

CREATE TABLE `po_numoficio` (
  `idPog` int(11) NOT NULL,
  `numOficio` int(11) NOT NULL,
  `anio` int(11) NOT NULL,
  `fecha` date NOT NULL
) ENGINE=MyISAM DEFAULT CHARSET=latin1;

--
-- Volcado de datos para la tabla `po_numoficio`
--

INSERT INTO `po_numoficio` (`idPog`, `numOficio`, `anio`, `fecha`) VALUES
(3, 5, 2017, '2017-12-22'),
(3, 4, 2017, '2017-12-22'),
(2, 3, 2017, '2017-12-22'),
(2, 2, 2017, '2017-12-22'),
(1, 1, 2017, '2017-12-20');

-- --------------------------------------------------------

--
-- Estructura de tabla para la tabla `po_proveedor`
--

CREATE TABLE `po_proveedor` (
  `idPog` int(11) NOT NULL,
  `idProveedor` int(11) NOT NULL COMMENT '1 = nombre1, 2 = nombre2, 3 = nombre3',
  `contacto` char(1) CHARACTER SET latin1 NOT NULL
) ENGINE=InnoDB DEFAULT CHARSET=utf8 COLLATE=utf8_spanish_ci;

--
-- Volcado de datos para la tabla `po_proveedor`
--

INSERT INTO `po_proveedor` (`idPog`, `idProveedor`, `contacto`) VALUES
(2, 1, '1'),
(1, 16, '1'),
(3, 16, '1'),
(3, 18, '1'),
(2, 53, '1');

-- --------------------------------------------------------

--
-- Estructura de tabla para la tabla `proveedor`
--

CREATE TABLE `proveedor` (
  `id` int(11) NOT NULL,
  `clave` varchar(15) COLLATE utf8_spanish_ci NOT NULL,
  `rfc` varchar(15) COLLATE utf8_spanish_ci NOT NULL,
  `razonSocial` varchar(150) COLLATE utf8_spanish_ci NOT NULL,
  `direccion` varchar(150) COLLATE utf8_spanish_ci NOT NULL,
  `codigoPostal` char(5) COLLATE utf8_spanish_ci NOT NULL,
  `idMunicipio` int(11) DEFAULT NULL,
  `nombre1` varchar(100) COLLATE utf8_spanish_ci NOT NULL,
  `direccion1` varchar(150) COLLATE utf8_spanish_ci NOT NULL,
  `idMunicipio1` int(11) DEFAULT NULL,
  `codigoPostal1` char(5) COLLATE utf8_spanish_ci NOT NULL,
  `telefonoFijo1` varchar(15) COLLATE utf8_spanish_ci NOT NULL,
  `telefonoMovil1` varchar(15) COLLATE utf8_spanish_ci NOT NULL,
  `correoElectronico1` varchar(100) COLLATE utf8_spanish_ci NOT NULL,
  `extension1` int(11) NOT NULL,
  `nombre2` varchar(100) COLLATE utf8_spanish_ci NOT NULL,
  `direccion2` varchar(150) COLLATE utf8_spanish_ci NOT NULL,
  `idMunicipio2` int(11) DEFAULT NULL,
  `codigoPostal2` char(5) COLLATE utf8_spanish_ci NOT NULL,
  `telefonoFijo2` varchar(15) COLLATE utf8_spanish_ci NOT NULL,
  `telefonoMovil2` varchar(15) COLLATE utf8_spanish_ci NOT NULL,
  `correoElectronico2` varchar(100) COLLATE utf8_spanish_ci NOT NULL,
  `extension2` int(11) NOT NULL,
  `nombre3` varchar(100) COLLATE utf8_spanish_ci NOT NULL,
  `direccion3` varchar(150) COLLATE utf8_spanish_ci NOT NULL,
  `idMunicipio3` int(11) DEFAULT NULL,
  `codigoPostal3` char(5) COLLATE utf8_spanish_ci NOT NULL,
  `telefonoFijo3` varchar(15) COLLATE utf8_spanish_ci NOT NULL,
  `telefonoMovil3` varchar(15) COLLATE utf8_spanish_ci NOT NULL,
  `correoElectronico3` varchar(100) COLLATE utf8_spanish_ci NOT NULL,
  `extension3` int(11) NOT NULL,
  `estatus` char(1) COLLATE utf8_spanish_ci NOT NULL COMMENT 'A = Activo, B = Bloquedo',
  `tipo` char(1) COLLATE utf8_spanish_ci NOT NULL COMMENT 'B = Bienes, S = Servicios, A = Ambos'
) ENGINE=InnoDB DEFAULT CHARSET=utf8 COLLATE=utf8_spanish_ci;

--
-- Volcado de datos para la tabla `proveedor`
--

INSERT INTO `proveedor` (`id`, `clave`, `rfc`, `razonSocial`, `direccion`, `codigoPostal`, `idMunicipio`, `nombre1`, `direccion1`, `idMunicipio1`, `codigoPostal1`, `telefonoFijo1`, `telefonoMovil1`, `correoElectronico1`, `extension1`, `nombre2`, `direccion2`, `idMunicipio2`, `codigoPostal2`, `telefonoFijo2`, `telefonoMovil2`, `correoElectronico2`, `extension2`, `nombre3`, `direccion3`, `idMunicipio3`, `codigoPostal3`, `telefonoFijo3`, `telefonoMovil3`, `correoElectronico3`, `extension3`, `estatus`, `tipo`) VALUES
(1, '354623444444523', 'dhdfghdfh363453', 'ELÉCTRICA ASELEC S.A. DE C.V.', 'Ignacio Romero No. 119 esquina Tlaxcala, Col. San Benito', '83000', 1805, 'Ing. Felipe Blanchet Acuña', 'Ignacio Romero No. 119 esquina Tlaxcala, Col. San Benito', 1805, '83200', '6622151598', '6622265924', 'felipe.blanchet@aselec.mx', 0, '', '', 0, '', '', '', '', 0, '', '', 0, '', '', '', '', 0, 'A', 'A'),
(2, '1', 'PIV020914774', 'VALAN: PROVEEDORA E IMPORTADORA VALAN S.A. DE C.V.', 'MANUEL ZAZUETA CUBILLAS     NO. 135     COL. FUENTES DEL CENTENARIO ', '83250', 1805, 'MARIO ALEJANDRO VALDEZ ANDRADE', 'MANUEL ZAZUETA CUBILLAS     NO. 135     COL. FUENTES DEL CENTENARIO ', 1805, '83250', '662-2121435', '662-2121435', 'pivalan@hotmail.com', 0, '', '', 0, '', '', '', 'ventas@pivalan.com', 0, '', '', 0, '', '', '', '', 0, 'A', 'B'),
(4, '2', 'XXXXXXXXXXXX', 'TUK:   TUK SONORA S.A. DE C.V.', 'conocido', '83000', 1805, 'EVERARDO ACEDO CUETO', 'CONOCIDO', 1805, 'xxxxx', '662-153040', '662-153040', 'tuksonora@prodigy.net.mx', 0, '', '', 0, '', '', '', '', 0, '', '', 0, '', '', '', '', 0, 'A', 'B'),
(5, '3', 'XXXXXXXXX', 'GRUPO FIBRA UNO S.A. DE C.V.', 'CONOCIDA', 'XXXXX', 872, 'SR. JOSE DE JESUS MEDINA OYERVIDES', 'CONOCIDO', 872, 'XXXXX', '81-12537358', '81-83757864', 'ventas@fibrauno.com.mx', 0, '', '', 0, '', '', '', '', 0, '', '', 0, '', '', '', '', 0, 'A', 'B'),
(6, '5', 'XXXXXXXXXXXXXXX', 'DISTRIBUIDORA MAYECEN S.A. DE C.V. ', 'CONOCIDO', 'XXXXX', 1805, 'MONICA SAMANIEGO CHAVEZ,  ', 'CONOCIDO', 1805, 'XXXXX', '2602080', '2602080', 'infos@mayecen.com,', 0, '', '', 0, '', '', '', '', 0, '', '', 0, '', '', '', '', 0, 'A', 'B'),
(7, '6', '', 'VIMA SUMINISTROS INDUSTRIALES S.A. DE C.V.', 'conocido', 'xxxxx', 0, 'INDEFONSO LUGO ARMENTA', '', 0, '', '2609400', '2167501 ', 'ventas@vimasin.com', 0, '', '', 0, '', '', '', '', 0, '', '', 0, '', '', '', '', 0, 'A', 'B'),
(8, '8', 'DC08202203T1', 'DELTA CONECTORES', 'DAVID GUZMAN HERNANDEZ NO.110  ', '20290', 17, 'FRANCISCO OCHOA CORTEZ ', '', 17, '', '44 99710843', '', 'fochoa@deltaconectores.com', 0, '', '', 0, '', '', '', '', 0, '', '', 0, '', '', '', '', 0, 'A', 'B'),
(9, '9', 'PAR9708223D9', 'PARTALUM', 'AV. GIRASOLES 104-B    FRACC. LOS GIRASOLES  ', '66053', 854, 'ING. MARTIN SANDOVAL', '', 0, '', '81 83970030', '', 'ventas@partalum.com', 0, '', '', 0, '', '', '', '', 0, '', '', 0, '', '', '', '', 0, 'A', 'B'),
(10, '10', 'ACO9503092H1', 'ANDERSON CONECTORES', 'PONCIANO ARRIAGA 10-F   COL. LEANDRO VALLE   ', '54040', 0, 'JULIO ARTURO AMAYA GARCIA', '', 0, '', '55-5362 0195', '', 'elco2@prodigy.net.mx ', 0, '', '', 0, '', '', '', '', 0, '', '', 0, '', '', '', '', 0, 'A', 'B'),
(11, '13', '22222222222222', 'ALHESA: INDUSTRIA DE ALUMBRADO Y HERRAJES', '', '', 0, 'LEOPOLDO HERRERA MENDOZA', '', 0, '', '33 36686331', '', 'leopoldo.herrera@polesa.com.mx', 0, '', '', 0, '', '', '', '', 0, '', '', 0, '', '', '', '', 0, 'A', 'B'),
(12, '14', '140000000000000', 'PROMESA: PRODUCTOS METALICOS ESPECIALIZADOS', '', '', 1805, 'RICARDO RUIZ', '', 0, '', '87-17502060 ', '', 'ventas_planta@promesacv.com,  ', 0, '', '', 0, '', '', '', '', 0, '', '', 0, '', '', '', '', 0, 'A', 'B'),
(13, '15', '150000000000', 'PREFORMADOS DE MEXICO', '', '', 1805, 'MIGUEL ANGEL GUERRERO ARANGO', '', 0, '', '5552031602', '', 'miguel.guerrero@plpmexico.com', 0, '', '', 0, '', '', '', '', 0, '', '', 0, '', '', '', '', 0, 'A', 'B'),
(14, '16', '16000000000', 'INDUSTRIAS PERMONT S.A. DE C.V.', '', '', 1805, 'ING. VALENTIN PEREZ RODRIGUEZ', '', 0, '', '871-750 09 9171', '', 'permont@prodigy.net.mx', 0, '', '', 0, '', '', '', '', 0, '', '', 0, '', '', '', '', 0, 'A', 'B'),
(15, '17', '17000000000', 'PRODUCTORA SHN', '', '', 1805, 'ING. ARTURO LUCAS CERVANTES', '', 0, '', '5582830016', '', 'gshn@prodigy.net.mx', 0, '', '', 0, '', '', '', '', 0, '', '', 0, '', '', '', '', 0, 'A', 'B'),
(16, '18', 'BME511128MZ2', 'BARDAHL DE MEXICO S.A. DE C.V.', 'Eje 1 Norte No. 16 Manzana 1 Col. Parque Industrial Toluca 2000,   Entre Calle 6 Norte y Calle 7 Norte,', '50233', 656, 'ADRIAN RIVAS LACHICA', '', 0, '', '55 56244960', '5539773742', 'evagonzalez@dranmak.com', 0, '', '', 0, '', '', '', '', 0, '', '', 0, '', '', '', '', 0, 'A', 'B'),
(17, '19', '19000000000000', 'INDUSTRIAS DRANMAK S.A. DE C.V.', '', '', 1805, 'ROGELIO DIAZ AYLLON', '', 0, '', '5553213260', '', 'evagonzalez@dranmak.com', 0, '', '', 0, '', '', '', '', 0, '', '', 0, '', '', '', '', 0, 'A', 'B'),
(18, '20', '2000000000000', 'CHEMICAL & SCHUTZLS.COM', '', '', 1805, 'ADRIANA LICONA PONCE ', '', 0, '', '', '4499252400', 'alicona@schutzls.com', 0, '', '', 0, '', '', '', '', 0, '', '', 0, '', '', '', '', 0, 'A', 'B'),
(19, '21', '2100000000000', 'ORGANIZACIÓN 15 S.A. DE C.V.', '', '', 1805, 'PILAR SANABRIA MONCADA', '', 0, '', '55 5240 7436', '', 'ventas@organizacion15.com.mx', 0, '', '', 0, '', '', '', '', 0, '', '', 0, '', '', '', '', 0, 'A', 'B'),
(20, '22', '220000000000', 'MEXICANA DE LUBRICANTES S.A. DE C.V.', '', '', 1805, 'LIC. ALEJANDRA LÓPEZ HERNANDEZ', '', 0, '', '(55)58 64 31 32', '', 'e.cedillo@akron.com.mx', 0, '', '', 0, '', '', '', '', 0, '', '', 0, '', '', '', '', 0, 'A', 'B'),
(21, '23|', '2300000000000', 'MR: MR DISTRIBUCIONES ELECTRICAS', '', '', 1805, 'MARCO ANTONIO RAMIREZ WONG ', '', 0, '', '2160203 EXT 110', '', 'marcel.ramirez@mrdistel.com.mx', 0, '', '', 0, '', '', '', '', 0, '', '', 0, '', '', '', '', 0, 'A', 'B'),
(22, '24', '2400000000000', 'MULTIELECTRICA INDUSTRIAL S.A. DE C.V.', '', '', 0, 'MIGUEL ANGEL VAZQUEZ COLIN', '', 0, '', '(55)53 87 02 56', '', 'mavazquez@mei-telecom.com', 0, '', '', 0, '', '', '', '', 0, '', '', 0, '', '', '', '', 0, 'A', 'B'),
(23, '25', '2500000000000', 'GIPE S.A. DE C.V. ', '', '', 0, 'LAURA PEREZ HERNANDEZ', '', 0, '', '5557689730 ', '', 'gipeventas@gmail.com ', 0, '', '', 0, '', '', '', '', 0, '', '', 0, '', '', '', '', 0, 'A', 'B'),
(24, '26', '2600000000', 'TROOP Y COMPAÑÍA S.A. DE C.V.', '', '', 0, 'JOSE MATEOS FARFAN', '', 0, '', '55 50 82 10 30 ', '', 'josemateos@prodigy.net.mx', 0, '', '', 0, '', '', '', '', 0, '', '', 0, '', '', '', '', 0, 'A', 'B'),
(25, '30', '30000000000000', 'ABB', '', '', 1805, 'LUIS VASQUEZ ROMO', '', 0, '', '6622 29 16 73', '', 'luis.vasquez@mx.abb.com', 0, '', '', 0, '', '', '', '', 0, '', '', 0, '', '', '', '', 0, 'A', 'B'),
(26, '31', '31000000000', 'ALSTOM GRID', '', '', 656, 'FERNANDO MEDINA', '', 0, '', '55 11 01 10 00 ', '', 'fernando.medina@fe.com', 0, '', '', 0, '', '', '', '', 0, '', '', 0, '', '', '', '', 0, 'A', 'B'),
(27, '32', '3200000000', 'SCHNEIDER: SCHNEIDER ELECTRIC MEXICO, S.A. DE C.V.', '', '', 9, 'CLAUS KUKUTSCHKA', '', 0, '', '58045000 ', '5510693518', 'claus.kukutschka@schneider-electric.com', 0, '', '', 0, '', '', '', '', 0, '', '', 0, '', '', '', '', 0, 'A', 'B'),
(28, '33', '3300000000', 'SANCO', '', '', 29, 'EDUARDO RENE GARCIA DURAN', '', 0, '', '686 5224237', '686 522 42 38', 'erenegarciad@prodigy.net.mx', 0, '', '', 0, '', '', '', '', 0, '', '', 0, '', '', '', '', 0, 'A', 'B'),
(29, '34', '3400000000', 'FORESTAL LA REFORMA', '', '', 179, 'GLORIA BARRAZA', '', 0, '', '618 81 41 452', '618) 814−0464', 'gbarraza@grupolareforma.com', 0, '', '', 0, '', '', '', '', 0, '', '', 0, '', '', '', '', 0, 'A', 'B'),
(30, '35', '350000000000', 'IMPREGNACIONES ESPECIALES S.A DE C.V.', '', '', 1805, 'RAYMUNDO JINER AGUIRRE', '', 0, '', '614 436 11 11', '', 'ies86 @prodigy.net.mx', 0, '', '', 0, '', '', '', '', 0, '', '', 0, '', '', '', '', 0, 'A', 'B'),
(31, '36', '3600000000', 'SOLUCIONES ELÉCTRICAS DEL PACÍFICO', '', '', 1805, 'JOSE LUIS MOLINA', '', 0, '', '2617777', '', 'selectricas@hotmail.com', 0, '', '', 0, '', '', '', '', 0, '', '', 0, '', '', '', '', 0, 'A', 'B'),
(32, '37', '3700000000000', 'SERVICIOS Y DESARROLLOS TERVEL SA DE CV', '', '', 1805, 'José René Rodriguez Hurtado', '', 0, '', '6623186856', '', 'sdtervel@gmail.com', 0, '', '', 0, '', '', '', '', 0, '', '', 0, '', '', '', '', 0, 'A', 'B'),
(33, '38', '3800000000', '3M MEXICO S.A. DE C.V.', '', '', 1805, 'JOSE G. FIGUEROA MIRANDA', '', 0, '', '', '', '', 0, '', '', 0, '', '6622689230', '', 'jgfigueroamiranda@mmm.com', 0, '', '', 0, '', '', '', '', 0, 'A', 'B'),
(34, '39', '390000000000', 'ALSTOM GRID', '', '', 656, 'ANA DELGADILLO', '', 0, '', '5530985954  ', '', 'adelgadillo@arteche.com.mx,', 0, '', '', 0, '', '', '', '', 0, '', '', 0, '', '', '', '', 0, 'A', 'B'),
(35, '40', '400000000000000', 'COMANEL S.A. DE C.V.', '', '', 0, 'ANGEL RUBIO', '', 0, '', '5555540033', '(55) 2124 8203', 'arubio@comanel.com.mx', 0, '', '', 0, '', '', '', '', 0, '', '', 0, '', '', '', '', 0, 'A', 'B'),
(36, '41', '410000000000000', 'Schneider Electric', '', '', 645, 'JUAN PEDRO ROMERO', '', 0, '', '55 5804 5000', '55 5406 1879', 'juan-pedro.romero@schneider-electric.com ', 0, '', '', 0, '', '', '', '', 0, '', '', 0, '', '', '', '', 0, 'A', 'B'),
(37, '42', '420000000', 'PROLEC', '', '', 839, 'LUIS DE FLON ', '', 0, '', '55 53 29 27 00', '015553292700', 'ldeflon@prolec.com.mx', 0, '', '', 0, '', '', '', '', 0, '', '', 0, '', '', '', '', 0, 'A', 'B'),
(38, '43', '430000000000', 'GRUPO IG', '', '', 1805, 'ALFREDO ALVAREZ', '', 0, '', '2189107', '6622570097', 'VENTAS1_HERMOSILLO@IG.COM.MX', 0, '', '', 0, '', '', '', '', 0, '', '', 0, '', '', '', '', 0, 'A', 'B'),
(39, '44', '440000000000', 'CONDUCTORES MONTERREY-VIAKON', '', '', 879, ' Pablo Adrian Luna Lugo', '', 0, '', '(55) 5249-1124', '', 'pluna@cmsa.com.mx', 0, '', '', 0, '', '', '', '', 0, '', '', 0, '', '', '', '', 0, 'A', 'B'),
(40, '45', '45000000000000', 'CONDUMEX', '', '', 0, 'Juan José Olvera', '', 0, '', ' 55 57 29 97 00', ' 55)5328-9905', 'maguilar@condumex.com.mx, ', 0, '', '', 0, '', '', '', '', 0, '', '', 0, '', '', '', '', 0, 'A', 'B'),
(41, '46', '4600000000000', 'MEXICANA DE LUBRICANTES', '', '', 0, 'LIC. ALEJANDRA LOPEZ HERNANDEZ', '', 0, '', '5558643132', '', 'e.cedillo@akron.com.mx', 0, '', '', 0, '', '', '', '', 0, '', '', 0, '', '', '', '', 0, 'A', 'B'),
(42, '47', '47000000000', 'ALIANZA ELECTRICA DEL PACIFICO', '', '', 1805, 'GERARDO RODRIGUEZ', '', 0, '', '6622617777', '6623534558', 'gerardo.rodriguez@alianzaelectrica.com', 0, '', '', 0, '', '', '', '', 0, '', '', 0, '', '', '', '', 0, 'A', 'B'),
(43, '48', '480000000000', 'ECISA CONSTRUCCIONES', '', '', 0, 'JORGE SALAZAR GONZALEZ', '', 0, '', '52864551 ', '', 'ecisa87@prodigy.net.mx', 0, '', '', 0, '', '', '', '', 0, '', '', 0, '', '', '', '', 0, 'A', 'B'),
(44, '49', '490000000000000', 'TRANSFORMADORA INDUSTRIAL MEXICANA', '', '', 1805, 'GUSTAVO MICHEL SCHIELE', '', 0, '', '14777880400', '', 'proyectos@timexicana.net', 0, '', '', 0, '', '', '', '', 0, '', '', 0, '', '', '', '', 0, 'A', 'B'),
(45, '50', '500000000000000', 'CENTRIFUGADOS MEXICANOS', '', '', 545, 'ENRIQUE ARCEO ROSADO', '', 0, '', '3338364740', '3338971240', 'earceo@cenmex.com,', 0, '', '', 0, '', '', '', '', 0, '', '', 0, '', '', '', '', 0, 'A', 'B'),
(46, '51', '510000000000000', 'PYPCO S.A DE C.V.', '', '', 1805, 'CARLOS AGUILAR GASTELUM', '', 0, '', '6677600157', '', 'erendira.soberanes@pypco.com.mx, ', 0, '', '', 0, '', '', '', '', 0, '', '', 0, '', '', '', '', 0, 'A', 'B'),
(47, '52', '520000000000', 'ELECTRAMEX  SA DE C.V ', '', '', 0, 'LILIA BRAVO JIMENEZ', '', 0, '', '5515 460128', '5515460126', 'ventasgobierno@electramex.com', 0, '', '', 0, '', '', '', '', 0, '', '', 0, '', '', '', '', 0, 'A', 'B'),
(48, '53', '53000000000', 'ELEMSA: ELEMENTO ELÉCTRICOS SA DE CV', '', '', 0, 'JOSÉ CARLOS JARAMILLO ALARCÓN', '', 0, '', '5555396633', '', 'carlos.jaramillo@elemsa.com', 0, '', '', 0, '', '', '', '', 0, '', '', 0, '', '', '', '', 0, 'A', 'B'),
(49, '55', '55000000000000', 'EQUIPOS ELECTRICOS DE SINALOA SA DE CV', '', '', 1763, 'VICTORIANO SANCHEZ', '', 0, '', '(667)760 04 28', '', 'victorianoss@hotmail.com, ', 0, '', '', 0, '', '', '', '', 0, '', '', 0, '', '', '', '', 0, 'A', 'B'),
(50, '56', '56000000000', 'MM DISTRIBUCIONES S. DE R.L. DE C.V.', '', '', 1805, 'VIRGEN MABEL SANCHEZ RODRIGUEZ', '', 0, '', '(662)300 37 14 ', '2 62 71 00', 'mabel.sanchez@mmd.mx', 0, '', '', 0, '', '', '', '', 0, '', '', 0, '', '', '', '', 0, 'A', 'B'),
(51, '57', '57000000000000', 'SIEMENS INNOVACIONES SA DE CV', '', '', 1805, 'JOEL OSNAYA ', '', 0, '', '55-53293916', '', 'joel.osnaya@siemens.com', 0, '', '', 0, '', '', '', '', 0, '', '', 0, '', '', '', '', 0, 'A', 'B'),
(52, '58', '580000000000', 'TRANSFORMADORES BUENDIA', '', '', 1805, 'BUENDIA', '', 0, '', '01 800 877 6342', '', '', 0, '', '', 0, '', '', '', '', 0, '', '', 0, '', '', '', '', 0, 'A', 'B'),
(53, '59', '590000000000000', 'TRANSPORTES GAMEZ', '', '', 1805, 'transportes gamez', '', 0, '', '2 50-03-74 ', '6621 54-37-44', 'transportesgamez1@gamil.com', 0, '', '', 0, '', '', '', '', 0, '', '', 0, '', '', '', '', 0, 'A', 'S'),
(54, '60', '6000000000', 'PELAYO: GRUPO PELAYO, S.A. DE C.V. ', '', '', 230, 'ING. FRANCISCO GRANADOS ', '', 0, '', '462) 626 2191', '462 100 35 37', 'ventas_cfe@ig.com.mx', 0, '', '', 0, '', '', '', '', 0, '', '', 0, '', '', '', '', 0, 'A', 'B'),
(55, '61', '610000000000', 'EMSA: ELECTROMANUFACTURAS S. DE R.L.   ', '', '', 522, 'KETZIA GARCIA', '', 0, '', '0133 37 70 36 ', '013337960879', 'garciaketzia@eaton.com / ', 0, '', '', 0, '', '', '', '', 0, '', '', 0, '', '', '', '', 0, 'A', 'B'),
(56, '62', '620000000000', 'CORPORACIÓN INDUSTRIAL MULTICO', '', '', 236, 'SR. JUAN JOSÉ  BALVER GONZALEZ', '', 0, '', '(469) 692-03-45', ' 692-14-66', 'jjbalver@multico.com.mx, ', 0, '', '', 0, '', '', '', '', 0, '', '', 0, '', '', '', '', 0, 'A', 'B'),
(57, '63|', '630000000000000', 'IUSA MEDICIÓN', '', '', 0, 'ING. PLINEO CASTILLO SANCHEZ', '', 0, '', '51-18-14-00', '5118 1581', 'pacastillo@iusa.com.mx', 0, '', '', 0, '', '', '', '', 0, '', '', 0, '', '', '', '', 0, 'A', 'B'),
(58, '64', '640000000000', 'PDS', '', '', 181, 'Erika Perea Carranza ', '', 0, '', ' (871) 714-2289', '', 'erika.perea@potenciads.com.mx, ', 0, '', '', 0, '', '', '', '', 0, '', '', 0, '', '', '', '', 0, 'A', 'B'),
(59, '65', '6500000000', 'ALTEC-F', '', '', 0, 'JORGE CALLEJAS', '', 0, '', '015558440247 ', ' 58448648', 'jorge.callejas@altec-f.com.mx, , ', 0, '', '', 0, '', '', '', '', 0, '', '', 0, '', '', '', '', 0, 'A', 'B'),
(60, '7', '70000000000', 'ALE ELECTROCONSTRUCCIONES S.A. DE C.V.', '', '', 2344, 'ING. INDEFONSO LUGO ARMENTA', '', 0, '', '664-4120023', '', 'aleectro@prodigy.net.mx', 0, '', '', 0, '', '', '', '', 0, '', '', 0, '', '', '', '', 0, 'A', 'B'),
(61, '11', '110000000000000', 'BURNDY PRODUCTS MEXICO', '', '', 1805, 'ING. MIGUEL MINERO ALFARO', '', 0, '', '7222654435', ' 55 41 88 44 45', 'mminero@burndy.com', 0, '', '', 0, '', '', '', '', 0, '', '', 0, '', '', '', '', 0, 'A', 'B'),
(62, '12', '12000000000000', 'CONHESA: COMPAÑÍA NACIONAL DE HERRAJES ELECTRICOS ', '', '', 463, 'LIC. MONSERRAT VALENCIA', '', 0, '', '33 31450343', '33 31450295', 'ventasj@conhesa.com.mx', 0, '', '', 0, '', '', '', '', 0, '', '', 0, '', '', '', '', 0, 'A', 'B');

-- --------------------------------------------------------

--
-- Estructura de tabla para la tabla `relacionproveedorfamilia`
--

CREATE TABLE `relacionproveedorfamilia` (
  `idProveedor` int(11) NOT NULL,
  `idFamilia` int(11) NOT NULL
) ENGINE=InnoDB DEFAULT CHARSET=utf8 COLLATE=utf8_spanish_ci;

--
-- Volcado de datos para la tabla `relacionproveedorfamilia`
--

INSERT INTO `relacionproveedorfamilia` (`idProveedor`, `idFamilia`) VALUES
(0, 2),
(0, 3),
(0, 4),
(0, 5),
(0, 6),
(0, 8),
(0, 9),
(0, 11),
(0, 12),
(0, 14),
(0, 17),
(0, 19),
(0, 22),
(0, 24),
(0, 27),
(1, 1),
(1, 2),
(1, 3),
(1, 4),
(1, 5),
(1, 6),
(1, 8),
(1, 9),
(1, 11),
(1, 12),
(1, 14),
(1, 17),
(1, 19),
(1, 22),
(1, 24),
(1, 27),
(2, 4),
(2, 28),
(4, 26),
(5, 26),
(6, 8),
(6, 11),
(6, 12),
(6, 14),
(6, 19),
(6, 26),
(7, 4),
(8, 1),
(8, 4),
(8, 8),
(8, 26),
(9, 8),
(10, 8),
(11, 8),
(11, 11),
(12, 11),
(13, 19),
(14, 11),
(15, 11),
(16, 1),
(17, 1),
(18, 1),
(19, 1),
(20, 1),
(21, 24),
(22, 30),
(23, 30),
(24, 30),
(25, 17),
(26, 17),
(27, 24),
(28, 16),
(29, 16),
(30, 16),
(31, 22),
(32, 22),
(33, 22),
(34, 24),
(35, 17),
(36, 31),
(37, 24),
(38, 24),
(39, 4),
(40, 4),
(41, 1),
(42, 14),
(43, 15),
(44, 15),
(45, 15),
(46, 15),
(47, 14),
(48, 14),
(49, 3),
(49, 6),
(49, 24),
(50, 11),
(51, 31),
(51, 32),
(52, 24),
(54, 24),
(55, 24),
(56, 2),
(57, 2),
(57, 3),
(57, 6),
(58, 11),
(59, 14),
(60, 4),
(61, 8),
(62, 11);

-- --------------------------------------------------------

--
-- Estructura de tabla para la tabla `unidadmedida`
--

CREATE TABLE `unidadmedida` (
  `id` int(11) NOT NULL,
  `clave` varchar(3) CHARACTER SET latin1 NOT NULL,
  `descripcion` varchar(15) CHARACTER SET latin1 NOT NULL
) ENGINE=InnoDB DEFAULT CHARSET=utf8 COLLATE=utf8_spanish_ci;

--
-- Volcado de datos para la tabla `unidadmedida`
--

INSERT INTO `unidadmedida` (`id`, `clave`, `descripcion`) VALUES
(1, 'UMP', 'Prueba');

--
-- Índices para tablas volcadas
--

--
-- Indices de la tabla `almacen`
--
ALTER TABLE `almacen`
  ADD PRIMARY KEY (`id`),
  ADD UNIQUE KEY `UK_ALM_CMM` (`centroMM`),
  ADD KEY `almacen_ibfk_1` (`idEmpleadoResponsable`),
  ADD KEY `almacen_ibfk_2` (`idMunicipio`);

--
-- Indices de la tabla `articulo`
--
ALTER TABLE `articulo`
  ADD PRIMARY KEY (`id`),
  ADD UNIQUE KEY `UK_ART_CODIGO` (`codigo`),
  ADD KEY `articulo_ibfk_1` (`idUnidadMedida`),
  ADD KEY `articulo_ibfk_2` (`idFamilia`);

--
-- Indices de la tabla `categoria`
--
ALTER TABLE `categoria`
  ADD PRIMARY KEY (`id`);

--
-- Indices de la tabla `departamento`
--
ALTER TABLE `departamento`
  ADD PRIMARY KEY (`id`);

--
-- Indices de la tabla `empleado`
--
ALTER TABLE `empleado`
  ADD PRIMARY KEY (`id`),
  ADD UNIQUE KEY `UK_EMP_RPE` (`rpe`),
  ADD KEY `empleado_ibfk_1` (`idCategoria`),
  ADD KEY `empleado_ibfk_2` (`idDepartamento`);

--
-- Indices de la tabla `estado`
--
ALTER TABLE `estado`
  ADD PRIMARY KEY (`id`);

--
-- Indices de la tabla `familia`
--
ALTER TABLE `familia`
  ADD PRIMARY KEY (`id`),
  ADD UNIQUE KEY `clave` (`clave`);

--
-- Indices de la tabla `formularioconsideracion`
--
ALTER TABLE `formularioconsideracion`
  ADD PRIMARY KEY (`id`);

--
-- Indices de la tabla `im_concepto`
--
ALTER TABLE `im_concepto`
  ADD PRIMARY KEY (`id`),
  ADD KEY `idImg` (`idImg`),
  ADD KEY `idArticulo` (`idArticulo`);

--
-- Indices de la tabla `im_general`
--
ALTER TABLE `im_general`
  ADD PRIMARY KEY (`id`),
  ADD KEY `im_general_ibfk_1` (`idEmpleadoAutoriza`),
  ADD KEY `im_general_ibfk_2` (`idEmpleadoFormula`),
  ADD KEY `idPog` (`idPog`),
  ADD KEY `im_general_ibfk_3` (`idMunicipioElaboracion`);

--
-- Indices de la tabla `municipio`
--
ALTER TABLE `municipio`
  ADD PRIMARY KEY (`id`),
  ADD KEY `municipio_ibfk_1` (`idEstado`);

--
-- Indices de la tabla `po_aclaracion`
--
ALTER TABLE `po_aclaracion`
  ADD KEY `relacion_empleado` (`idEmpleado`);

--
-- Indices de la tabla `po_acuse`
--
ALTER TABLE `po_acuse`
  ADD KEY `relacion_empleado2` (`idEmpleado`);

--
-- Indices de la tabla `po_consideracion`
--
ALTER TABLE `po_consideracion`
  ADD PRIMARY KEY (`id`),
  ADD KEY `po_consideracion_ibfk_1` (`idpog`);

--
-- Indices de la tabla `po_general`
--
ALTER TABLE `po_general`
  ADD PRIMARY KEY (`id`),
  ADD KEY `idEmpleadoFormula` (`idEmpleadoFormula`),
  ADD KEY `idEmpleadoResponsable` (`idEmpleadoResponsable`),
  ADD KEY `idMunicipio` (`idMunicipio`),
  ADD KEY `idFamilia` (`idFamilia`);

--
-- Indices de la tabla `po_numoficio`
--
ALTER TABLE `po_numoficio`
  ADD UNIQUE KEY `oficio-year` (`numOficio`,`anio`);

--
-- Indices de la tabla `po_proveedor`
--
ALTER TABLE `po_proveedor`
  ADD UNIQUE KEY `UK_POP_REL` (`idPog`,`idProveedor`,`contacto`) USING BTREE,
  ADD KEY `idProveedor` (`idProveedor`);

--
-- Indices de la tabla `proveedor`
--
ALTER TABLE `proveedor`
  ADD PRIMARY KEY (`id`),
  ADD UNIQUE KEY `UK_PRO_CLAVE` (`clave`),
  ADD UNIQUE KEY `UK_PRO_RFC` (`rfc`),
  ADD KEY `municipio` (`idMunicipio`),
  ADD KEY `municipio1` (`idMunicipio1`),
  ADD KEY `municipio2` (`idMunicipio2`),
  ADD KEY `municipio3` (`idMunicipio3`);

--
-- Indices de la tabla `relacionproveedorfamilia`
--
ALTER TABLE `relacionproveedorfamilia`
  ADD UNIQUE KEY `UK_REL_PF` (`idProveedor`,`idFamilia`) USING BTREE;

--
-- Indices de la tabla `unidadmedida`
--
ALTER TABLE `unidadmedida`
  ADD PRIMARY KEY (`id`),
  ADD UNIQUE KEY `UK_UM_CLAVE` (`clave`);

--
-- Restricciones para tablas volcadas
--

--
-- Filtros para la tabla `almacen`
--
ALTER TABLE `almacen`
  ADD CONSTRAINT `almacen_ibfk_1` FOREIGN KEY (`idEmpleadoResponsable`) REFERENCES `empleado` (`id`) ON DELETE CASCADE ON UPDATE CASCADE,
  ADD CONSTRAINT `almacen_ibfk_2` FOREIGN KEY (`idMunicipio`) REFERENCES `municipio` (`id`) ON DELETE CASCADE ON UPDATE CASCADE;

--
-- Filtros para la tabla `articulo`
--
ALTER TABLE `articulo`
  ADD CONSTRAINT `articulo_ibfk_1` FOREIGN KEY (`idUnidadMedida`) REFERENCES `unidadmedida` (`id`),
  ADD CONSTRAINT `articulo_ibfk_2` FOREIGN KEY (`idFamilia`) REFERENCES `familia` (`id`);

--
-- Filtros para la tabla `empleado`
--
ALTER TABLE `empleado`
  ADD CONSTRAINT `empleado_ibfk_1` FOREIGN KEY (`idCategoria`) REFERENCES `categoria` (`id`) ON DELETE CASCADE ON UPDATE CASCADE,
  ADD CONSTRAINT `empleado_ibfk_2` FOREIGN KEY (`idDepartamento`) REFERENCES `departamento` (`id`) ON DELETE CASCADE ON UPDATE CASCADE;

--
-- Filtros para la tabla `im_general`
--
ALTER TABLE `im_general`
  ADD CONSTRAINT `im_general_ibfk_1` FOREIGN KEY (`idEmpleadoAutoriza`) REFERENCES `empleado` (`id`) ON DELETE CASCADE ON UPDATE CASCADE,
  ADD CONSTRAINT `im_general_ibfk_2` FOREIGN KEY (`idEmpleadoFormula`) REFERENCES `empleado` (`id`) ON DELETE CASCADE ON UPDATE CASCADE,
  ADD CONSTRAINT `im_general_ibfk_3` FOREIGN KEY (`idMunicipioElaboracion`) REFERENCES `municipio` (`id`) ON DELETE CASCADE ON UPDATE CASCADE;

--
-- Filtros para la tabla `municipio`
--
ALTER TABLE `municipio`
  ADD CONSTRAINT `municipio_ibfk_1` FOREIGN KEY (`idEstado`) REFERENCES `estado` (`id`) ON DELETE CASCADE ON UPDATE CASCADE;

--
-- Filtros para la tabla `po_aclaracion`
--
ALTER TABLE `po_aclaracion`
  ADD CONSTRAINT `relacion_empleado` FOREIGN KEY (`idEmpleado`) REFERENCES `empleado` (`id`) ON DELETE CASCADE ON UPDATE CASCADE;

--
-- Filtros para la tabla `po_acuse`
--
ALTER TABLE `po_acuse`
  ADD CONSTRAINT `relacion_empleado2` FOREIGN KEY (`idEmpleado`) REFERENCES `empleado` (`id`) ON DELETE CASCADE ON UPDATE CASCADE;

--
-- Filtros para la tabla `po_consideracion`
--
ALTER TABLE `po_consideracion`
  ADD CONSTRAINT `po_consideracion_ibfk_1` FOREIGN KEY (`idpog`) REFERENCES `po_general` (`id`) ON DELETE CASCADE ON UPDATE CASCADE;

--
-- Filtros para la tabla `po_general`
--
ALTER TABLE `po_general`
  ADD CONSTRAINT `po_general_familia` FOREIGN KEY (`idFamilia`) REFERENCES `familia` (`id`) ON DELETE CASCADE ON UPDATE CASCADE,
  ADD CONSTRAINT `po_general_ibfk_1` FOREIGN KEY (`idEmpleadoFormula`) REFERENCES `empleado` (`id`),
  ADD CONSTRAINT `po_general_ibfk_2` FOREIGN KEY (`idEmpleadoResponsable`) REFERENCES `empleado` (`id`),
  ADD CONSTRAINT `po_general_ibfk_3` FOREIGN KEY (`idMunicipio`) REFERENCES `municipio` (`id`);

--
-- Filtros para la tabla `proveedor`
--
ALTER TABLE `proveedor`
  ADD CONSTRAINT `proveedor_ibfk_1` FOREIGN KEY (`idMunicipio`) REFERENCES `municipio` (`id`),
  ADD CONSTRAINT `proveedor_ibfk_2` FOREIGN KEY (`idMunicipio1`) REFERENCES `municipio` (`id`),
  ADD CONSTRAINT `proveedor_ibfk_3` FOREIGN KEY (`idMunicipio2`) REFERENCES `municipio` (`id`),
  ADD CONSTRAINT `proveedor_ibfk_4` FOREIGN KEY (`idMunicipio3`) REFERENCES `municipio` (`id`);

/*!40101 SET CHARACTER_SET_CLIENT=@OLD_CHARACTER_SET_CLIENT */;
/*!40101 SET CHARACTER_SET_RESULTS=@OLD_CHARACTER_SET_RESULTS */;
/*!40101 SET COLLATION_CONNECTION=@OLD_COLLATION_CONNECTION */;
